#"Progress (%)","Potential Energy (kJ/mole)","Kinetic Energy (kJ/mole)","Total Energy (kJ/mole)","Temperature (K)"
0.0%,230.44394730239134,1165.7981037525838,1396.242051054975,285.85786634590727
0.0%,342.9783915029594,1118.988526651816,1461.9669181547756,274.3799905529136
0.0%,354.77680316946294,1189.1155870682944,1543.8923902377574,291.5753966864781
0.0%,378.698923993222,1181.8249986967537,1560.5239226899757,289.78771833154985
0.0%,358.2206316292333,1165.600174230729,1523.8208058599623,285.80933331894306
0.0%,383.24284088729553,1181.2157485667803,1564.458589454076,289.63832801974155
0.0%,237.99424494073196,1297.8240222919214,1535.8182672326534,318.2310939695673
0.0%,463.1010233564667,1197.6977179053636,1660.7987412618304,293.67976587518166
0.0%,444.67944376878347,1201.0317938182525,1645.711237587036,294.49729321857495
0.0%,515.0720886799963,1227.5315436616895,1742.6036323416859,300.9951266981127
0.0%,427.840955555773,1186.414145725162,1614.255101280935,290.91299360319914
0.0%,366.489977434319,1231.9553896824316,1598.4453671167505,302.0798695712239
0.0%,357.10324794429073,1261.982851161101,1619.086099105392,309.44271056611547
0.0%,408.62785358857434,1273.8595649772667,1682.487418565841,312.35492328953796
0.0%,483.76729873183916,1276.6443448763107,1760.41164360815,313.0377612849175
0.0%,531.1894515370318,1233.0615355372126,1764.2509870742444,302.3511004926822
0.0%,455.744565903482,1191.5444033577694,1647.2889692612514,292.1709511311291
0.0%,374.34392794531436,1232.4079254911526,1606.751853436467,302.19083297072655
0.0%,267.43360226752486,1308.6440961437986,1576.0776984113236,320.8842147930158
0.0%,422.20178681095786,1256.866074013277,1679.067860824235,308.18805850128854
0.0%,458.40512314795205,1157.722133256894,1616.127256404846,283.8776094839864
0.0%,378.8393983987471,1202.6294182426448,1581.4688166413919,294.88903644384595
0.0%,455.0896524424518,1225.2415418311364,1680.3311942735882,300.43361005547706
0.0%,390.39457314791207,1317.5044093965769,1707.898982544489,323.0567953054071
0.0%,435.8398236395012,1225.1215764474744,1660.9614000869756,300.40419411415877
0.0%,426.88254931165477,1214.7381701910547,1641.6207195027096,297.8581457475431
0.0%,370.62055252494997,1237.5433865827788,1608.1639391077288,303.4500664054261
0.0%,274.56953502305385,1314.0212081855457,1588.5907432085996,322.2027019053288
0.0%,350.9716584100197,1121.1758147537219,1472.1474731637416,274.91632142176815
0.0%,332.90790741756837,1266.5106512247237,1599.418558642292,310.55294334249567
0.0%,268.0953963281502,1191.2117078461733,1459.3071041743235,292.0893730012783
0.0%,268.4585648636743,1155.977451406776,1424.4360162704504,283.4498072517459
0.0%,205.9216847616521,1230.8352840014893,1436.7569687631415,301.8052156504417
0.0%,312.3522079168415,1279.4697686823522,1591.8219765991937,313.7305653117195
0.0%,367.8006999886461,1198.9464730331656,1566.7471730218117,293.98596510065045
0.0%,374.0168207701954,1203.44473499842,1577.4615557686154,295.08895502962145
0.0%,376.3990813200928,1262.0737150058476,1638.4727963259404,309.4649907059644
0.0%,342.49306580141183,1233.1916140828243,1575.6846798842362,302.3829962174961
0.0%,373.3837072038004,1381.890919996137,1755.2746271999374,338.84459808378125
0.0%,319.9410506071039,1271.8970640709033,1591.838114678007,311.87371104533446
0.0%,315.72346432059385,1205.6687401190104,1521.3922044396043,295.6342890428335
0.0%,294.308423717214,1209.079437561492,1503.3878612787062,296.47060425943994
0.0%,313.0006105798393,1251.7309662407672,1564.7315768206065,306.92891170170043
0.0%,387.3452839155516,1338.042813427517,1725.3880973430687,328.0928854616154
0.0%,337.53491221818257,1159.6678862163108,1497.2027984344934,284.3547150716733
0.0%,350.6666889253986,1243.616645762224,1594.2833346876225,304.939251286765
0.0%,424.6926745476942,1182.9436025113034,1607.6362770589976,290.0620039893188
0.0%,378.38392826128324,1297.8625684392148,1676.246496700498,318.2405456228044
0.0%,293.541938379514,1278.9529277966128,1572.4948661761268,313.60383407724396
0.0%,331.7220245102044,1221.2002482995683,1552.9222728097727,299.44267042151046
0.0%,346.2267671614758,1325.9696010910488,1672.1963682525247,325.1324905979295
0.0%,343.058220214343,1312.7286903320942,1655.7869105464372,321.8857719029448
0.0%,374.4867749489516,1217.6971641653804,1592.1839391143321,298.58370165753166
0.0%,342.74273173041,1291.5326469022127,1634.2753786326227,316.688426213037
0.0%,366.7466776562966,1218.7333933801062,1585.480071036403,298.83778876868183
0.0%,337.60362966209885,1180.4985977120239,1518.1022273741228,289.46248006414015
0.0%,384.6053323174959,1194.4399518937284,1579.0452842112243,292.880949992618
0.0%,323.11143549507574,1231.1506839310484,1554.2621194261242,301.88255284169225
0.0%,333.4342489252417,1225.9747949332784,1559.4090438585201,300.6134063397523
0.0%,356.9442900579886,1198.7885464672765,1555.7328365252652,293.94724094162234
0.0%,347.2408250551001,1160.3807640043153,1507.6215890594153,284.52951525601776
0.0%,339.77951691254924,1235.3359699957082,1575.1154869082575,302.90879995998813
0.0%,395.37478152923006,1245.9376232321006,1641.3124047613305,305.5083632669958
0.0%,300.3123128625115,1329.083774668361,1629.3960875308726,325.89609710181367
0.0%,279.6264461410089,1238.344661172186,1517.971107313195,303.64654180176444
0.0%,341.2812538462092,1265.2354339296478,1606.516687775857,310.2402554989279
0.0%,281.9967108217213,1180.6470708109148,1462.643781632636,289.4988861992352
0.0%,373.04605865703627,1256.6095987637455,1629.6556574207816,308.12516985241734
0.0%,327.1160190087767,1306.2583996464034,1633.37441865518,320.2992334756684
0.0%,319.45025719207365,1150.2371938212957,1469.6874510133694,282.04227555274974
0.0%,353.9939750756557,1218.906198339471,1572.9001734151268,298.8801611630261
0.0%,280.7941270780304,1156.8646630507556,1437.658790128786,283.6673547213539
0.0%,360.4563692228312,1296.7949560335974,1657.2513252564286,317.9787632409564
0.0%,245.57170852414788,1289.279228174898,1534.8509366990459,316.1358798782123
0.0%,347.05687445492276,1263.9008306286125,1610.9577050835353,309.9130059942117
0.0%,317.7030226205136,1290.0902465464994,1607.793269167013,316.3347444848085
0.0%,317.8491777454548,1243.8398001338844,1561.6889778793393,304.9939695371579
0.0%,329.1135185275196,1137.3855805834557,1466.4990991109753,278.8910140028756
0.0%,435.9931078961564,1209.7083315300508,1645.7014394262073,296.6248113107564
0.0%,388.81049993336455,1253.86588073999,1642.6763806733545,307.45240037578077
0.0%,346.66458262146773,1279.8152091048375,1626.4797917263054,313.8152685393225
0.0%,383.30792817986685,1324.0583972387917,1707.3663254186586,324.6638565749373
0.0%,296.3348901715417,1285.7774247085738,1582.1123148801155,315.27722513857606
0.0%,342.84657048916335,1314.1768576793393,1657.0234281685025,322.2408677181316
0.0%,464.9704449748076,1134.2268558830115,1599.197300857819,278.1164834041925
0.0%,523.0382879927784,1119.826277175428,1642.8645651682064,274.5854099788322
0.0%,452.786842249589,1199.6224043550963,1652.4092466046852,294.1517058793166
0.0%,303.29761083318897,1187.6152133289613,1490.9128241621502,291.20749967715324
0.0%,361.8370461104,1237.025510711445,1598.862556821845,303.3230813887796
0.0%,389.59133851520687,1148.0801392693168,1537.6714777845236,281.513358058515
0.0%,271.17352959609553,1336.8768972444957,1608.0504268405912,327.80699864181037
0.0%,249.57332013842415,1237.9946304034904,1487.5679505419146,303.56071300484604
0.0%,322.696649589495,1223.638203723552,1546.334853313047,300.04046581464337
0.0%,277.1576964021192,1207.5578787655563,1484.7155751676755,296.0975125984345
0.0%,269.56571495196863,1210.6984702015473,1480.2641851535159,296.86759685579153
0.0%,299.842512547262,1165.5223151945254,1465.3648277417874,285.790242004681
0.0%,343.26893952408193,1188.9210603965112,1532.189999920593,291.527698050527
0.0%,355.3208781425633,1218.4825955849774,1573.8034737275407,298.7762922519445
0.0%,393.5695294373272,1287.6716716842889,1681.241201121616,315.74170127476725
0.0%,314.2062730382692,1226.447138168853,1540.6534112071222,300.7292265911918
0.0%,322.19927411177105,1218.7977941773026,1540.9970682890737,298.85358007458484
0.0%,334.5549004009207,1194.8595423545703,1529.414442755491,292.9838350749399
0.0%,339.1549002097664,1208.3140204033614,1547.468920613128,296.28292123355106
0.0%,470.2767006556054,1129.3808770934986,1599.657577749104,276.9282320657586
0.0%,342.9455053106975,1167.1851340847954,1510.1306393954928,286.1979711462555
0.0%,279.6261501680283,1313.7775868244664,1593.4037369924947,322.1429650758982
0.0%,309.2151710574341,1248.9680834278402,1558.1832544852741,306.25144295018606
0.0%,258.6085884058595,1299.9364822961518,1558.5450707020113,318.74907672113176
0.0%,305.3006334407073,1328.8154886394154,1634.1161220801228,325.8303124075704
0.0%,486.6600838007421,1170.3383070320208,1656.9983908327629,286.97114043518474
0.0%,384.83372018994453,1288.9862126883177,1673.819932878262,316.06403143247326
0.0%,461.67079420952086,1202.6747807074744,1664.3455749169952,294.90015948253216
0.0%,425.2852878582685,1258.0171354860986,1683.302423344367,308.4703028930015
0.0%,352.8427276701136,1268.2364094319519,1621.0791371020655,310.9761054297895
0.1%,375.7433895318055,1240.7007234474695,1616.444112979275,304.2242567018167
0.1%,314.19645216249444,1320.1072628567133,1634.3037150192076,323.69502428702117
0.1%,347.7217564073121,1185.6316964807127,1533.3534528880248,290.72113424880297
0.1%,291.8554195777454,1233.3448979807777,1525.200317558523,302.42058197773457
0.1%,323.75198088956745,1205.7226034599205,1529.474584349488,295.6474965267513
0.1%,344.0721157351603,1193.891617154811,1537.9637328899712,292.74649635265604
0.1%,313.7660850452363,1255.2507486662207,1569.016833711457,307.7919749464452
0.1%,403.2254503989202,1188.6436699527853,1591.8691203517055,291.4596809212034
0.1%,340.1229627355765,1266.0033282718716,1606.1262910074481,310.42854593922
0.1%,334.5852064806504,1251.6706840802017,1586.255890560852,306.9141303002361
0.1%,413.0865219552784,1167.6589822672686,1580.745504222547,286.3141604160593
0.1%,401.98324477624794,1206.2940905896187,1608.2773353658667,295.78762721577357
0.1%,358.1586409194291,1164.7824184540614,1522.9410593734906,285.6088166765178
0.1%,379.2830436394686,1195.579292605306,1574.8623362447745,293.16032041173617
0.1%,487.37482216776414,1268.3350394631066,1755.7098616308708,311.00028986633373
0.1%,506.1418063347969,1225.6238075244173,1731.7656138592142,300.5273429712425
0.1%,454.04762005889097,1210.0026650571263,1664.0502851160172,296.6969829447409
0.1%,464.4103995171004,1227.028033326934,1691.4384328440344,300.87166416243605
0.1%,514.7608500231715,1224.7600320507484,1739.52088207392,300.3155421344508
0.1%,462.4396429920821,1256.6966583127005,1719.1363013047826,308.14651716532615
0.1%,294.092686033988,1312.3764491751674,1606.4691352091554,321.7994011109232
0.1%,429.3241689539616,1270.4249993642356,1699.7491683181972,311.5127555121108
0.1%,331.64933262537625,1243.4854239286187,1575.134756553995,304.9070752236443
0.1%,407.2673658192632,1156.9516217609525,1564.2189875802158,283.6886773082385
0.1%,313.03964781241507,1114.2927720188177,1427.3324198312328,273.2285747151695
0.1%,387.27852970648996,1233.8584586765062,1621.1369883829962,302.5465088978827
0.1%,446.76238308376924,1309.3640323106852,1756.1264153944544,321.0607457171175
0.1%,531.8346005068815,1161.8824341731083,1693.7170346799899,284.89773015448486
0.1%,474.8054207610621,1379.9140488104872,1854.7194695715493,338.35986219567894
0.1%,497.34504389428344,1263.3053582559637,1760.6504021502471,309.76699403779713
0.1%,448.07372326463656,1196.6979365353964,1644.771659800033,293.43461590597923
0.1%,323.4684296498276,1262.2232724954142,1585.6917021452418,309.5016627375331
0.1%,468.77441710931225,1253.5077139666635,1722.2821310759757,307.36457660141576
0.1%,379.99984608774014,1353.4216523081889,1733.4214983959291,331.8638317816991
0.1%,388.823057103834,1279.874044095399,1668.6971011992332,313.82969508952385
0.1%,352.58649265113195,1222.6280332172325,1575.2145258683645,299.79276839203436
0.1%,366.1560592707399,1240.552411352001,1606.7084706227408,304.187890045337
0.1%,323.22746015000945,1322.8225605878024,1646.0500207378118,324.3608250062062
0.1%,294.09474797372354,1316.30136170185,1610.3961096755736,322.7618037060727
0.1%,354.4308958559174,1333.7411911145405,1688.172086970458,327.0381122789732
0.1%,280.2653911318615,1255.0834624402423,1535.348853572104,307.75095576527366
0.1%,290.90117916996496,1253.738562117156,1544.639741287121,307.4211813939071
0.1%,365.77083065228294,1228.4892629950489,1594.2600936473318,301.229962905438
0.1%,312.6927542707584,1170.1752648867766,1482.868019157535,286.9311619177949
0.1%,338.0965916365301,1134.3327429055764,1472.4293345421065,278.14244728099646
0.1%,351.6022778612871,1235.8245002991714,1587.4267781604585,303.02858933839235
0.1%,407.4587455678211,1274.077908898045,1681.5366544658661,312.4084620001624
0.1%,459.3551384033414,1308.682398337136,1768.0375367404774,320.89360662787004
0.1%,410.1889895210501,1238.806262453498,1648.995251974548,303.7597280875832
0.1%,351.9625506226166,1359.2243044665138,1711.1868550891304,333.2866628532088
0.1%,370.686133881448,1331.329217686001,1702.0153515674488,326.4466877640885
0.1%,377.57883664675177,1264.3038106107583,1641.8826472575101,310.0118181277239
0.1%,371.68024165283816,1242.4692046844914,1614.1494463373297,304.65789462888193
0.1%,399.68159760697813,1259.05524961155,1658.736847218528,308.7248521910059
0.1%,395.5895298531052,1274.1425056763464,1669.7320355294517,312.42430136133356
0.1%,378.3236569956098,1213.4738207543994,1591.7974777500092,297.548122741746
0.1%,339.6471406972412,1267.628872828484,1607.2760135257251,310.8271352808115
0.1%,388.35464308399344,1291.062331859193,1679.4169749431862,316.573103281669
0.1%,445.7838810859166,1235.8079748326015,1681.5918559185181,303.02453723486013
0.1%,444.6987064583452,1240.7273697208814,1685.4260761792266,304.2307904633995
0.1%,483.52905979491845,1297.2350722183273,1780.7641320132457,318.0866813042182
0.1%,518.1654794713004,1226.9759943923768,1745.1414738636772,300.8589040294837
0.1%,518.0044907133233,1205.8694171355035,1723.8739078488268,295.6834957653137
0.1%,498.08477836233544,1214.300248191318,1712.3850265536535,297.7507657062926
0.1%,352.0996482955089,1357.8685765087184,1709.9682248042272,332.9542335070695
0.1%,417.00581163711377,1239.692686466208,1656.6984981033218,303.97708242718574
0.1%,364.9946993155022,1240.3965434622799,1605.391242777782,304.1496706810713
0.1%,389.26543741029604,1267.3753513242998,1656.6407887345958,310.7649709008682
0.1%,430.60703231922344,1239.4734234171656,1670.080455736389,303.92331834302234
0.1%,337.97742194256983,1327.7099580294998,1665.6873799720697,325.5592323463545
0.1%,268.1278267073267,1311.3006349505272,1579.4284616578539,321.53560761370414
0.1%,261.2413378010257,1233.4760325445754,1494.717370345601,302.4527366419863
0.1%,331.50410855458676,1274.1826845432745,1605.6867930978613,312.43415336326706
0.1%,295.9782177461259,1288.489649377976,1584.467867124102,315.9422723320398
0.1%,199.536174731884,1226.1138426484317,1425.6500173803156,300.6475013370302
0.1%,207.13290904843905,1312.1961296147856,1519.3290386632248,321.7551861095218
0.1%,342.6248627354762,1101.8658839190487,1444.4907466545249,270.181457288846
0.1%,331.1849552633271,1179.1659633945417,1510.3509186578688,289.13571336123636
0.1%,143.90548989706417,1275.604727621642,1419.5102175187062,312.78284341425075
0.1%,279.0224494974673,1170.1849982200654,1449.2074477175327,286.93354856594385
0.1%,365.2321403768806,1279.9115385183668,1645.1436788952474,313.83888885619314
0.1%,325.5556218462036,1277.7755131782906,1603.3311350244942,313.3151277999609
0.1%,349.9565344863607,1252.7079025570044,1602.664437043365,307.16845998198716
0.1%,333.9228755653494,1282.8925413398013,1616.8154169051506,314.5698414142419
0.1%,321.61252150301374,1260.2523793390762,1581.86490084209,309.01839268360783
0.1%,348.90265668593383,1201.2717384636549,1550.1743951495887,294.556128504166
0.1%,312.85019904055025,1207.5271331422541,1520.3773321828044,296.0899736615908
0.1%,331.52644287372334,1193.2028858784356,1524.7293287521588,292.5776169793609
0.1%,301.6030653924694,1131.4034705625127,1433.0065359549822,277.4241792213394
0.1%,329.791321866031,1176.1266917107046,1505.9180135767356,288.3904730696364
0.1%,297.30647545803413,1160.1482653333314,1457.4547407913656,284.4725057499963
0.1%,270.15527767093874,1145.5425365398332,1415.6978142107719,280.8911287895286
0.1%,398.00963400556,1237.2120281086823,1635.2216621142422,303.36881612195424
0.1%,363.99838281959455,1241.845456700363,1605.8438395199576,304.50494939136047
0.1%,320.00700329955737,1221.7893959724563,1541.7963992720138,299.58713153891347
0.1%,380.27720836351256,1254.798571411365,1635.0757797748774,307.6810994656333
0.1%,330.43828855338825,1251.5416873725553,1581.9799759259436,306.8824998459621
0.1%,383.6301500325783,1325.4096915397756,1709.039841572354,324.9951987725625
0.1%,386.218091184783,1196.3588891212682,1582.5769803060512,293.35148026690007
0.1%,427.29385823282087,1307.4388385263037,1734.7326967591246,320.58868131271146
0.1%,412.0065829681764,1172.3676480665024,1584.3742310346788,287.4687421179614
0.1%,350.9701818923411,1255.1214109318184,1606.0915928241595,307.76026087119044
0.1%,414.58904110115554,1231.1798810958833,1645.7689221970388,301.8897120909792
0.1%,487.8637760949059,1221.1157755142733,1708.9795516091792,299.4219573923067
0.1%,417.2556617808518,1196.6189741061812,1613.874635887033,293.4152540358027
0.1%,445.7688405773579,1227.8666665902251,1673.635507167583,301.07730003928253
0.1%,427.8347703259967,1304.816782192902,1732.6515525188988,319.9457437178635
0.1%,500.40498887806655,1253.5085418061583,1753.913530684225,307.364779590622
0.1%,468.72492633135676,1300.8496204942608,1769.5745468256175,318.9729814745793
0.1%,540.1794332446734,1229.0696123493508,1769.2490455940242,301.3722666436428
0.1%,463.0917950621506,1172.5967728413063,1635.688567903457,287.52492433256754
0.1%,462.0714693661778,1194.554050748024,1656.625520114202,292.9089274399448
0.1%,456.94689940781956,1247.892075840585,1704.8389752484045,305.987602039762
0.1%,525.2443720818927,1276.426801033767,1801.6711731156597,312.984418756339
0.1%,536.4031861303783,1204.1502888874036,1740.553475017782,295.2619593677205
0.1%,466.72867496599224,1370.3849009375645,1837.1135759035567,336.02328104129197
0.1%,536.5259431357076,1233.1973729333658,1769.7233160690735,302.3844083082545
0.1%,462.70183958487496,1198.5927439623833,1661.2945835472583,293.8992294668277
0.1%,471.3839481021387,1223.14768249376,1694.5316305958986,299.9201882539797
0.1%,425.9723854819747,1214.2385729076814,1640.210958389656,297.7356427060666
0.1%,355.05587184712977,1137.344003281511,1492.3998751286408,278.88081909967235
0.1%,440.6184756469379,1304.3866020713747,1745.0050777183126,319.8402620128509
0.1%,450.04356372507687,1297.5971712978617,1747.6407350229385,318.17546929413544
0.1%,485.8565401474191,1185.0301799560618,1670.886720103481,290.57364024469115
0.1%,406.54896850032594,1228.4567719276142,1635.00574042794,301.2219959794478
0.1%,410.05139770883716,1171.6290239742052,1581.6804216830424,287.28762884768236
0.1%,442.92822342463217,1264.3220106454892,1707.2502340701212,310.0162808413609
0.1%,385.0594497620734,1302.2809716699699,1687.3404214320433,319.3239539043361
0.1%,501.43339117396135,1235.25075137571,1736.6841425496714,302.8879040494465
0.1%,486.00668110092965,1268.2516333684778,1754.2583144694074,310.979838393498
0.1%,443.41681570235767,1330.189668793508,1773.6064844958655,326.1672662982649
0.1%,421.0900716066395,1243.8969666603307,1664.98703826697,305.0079869739883
0.1%,539.8156262479349,1216.3624224466457,1756.1780486945806,298.25641821230033
0.1%,413.3706955449029,1230.0957187290746,1643.4664142739775,301.62387159943023
0.1%,410.7713109480793,1194.6608822061273,1605.4321931542067,292.93512289572203
0.1%,356.6806188062519,1283.496649558066,1640.177268364318,314.7179709109012
0.1%,350.4668268791829,1293.3258016551695,1643.7926285343524,317.12811417449296
0.1%,354.46364102511575,1293.0785262935997,1647.5421673187154,317.0674813710678
0.1%,495.1737592158008,1164.4373088123461,1659.611068028147,285.5241945575431
0.1%,389.0033516505757,1161.1550766932985,1550.1584283438742,284.7193794979005
0.1%,379.7159836637504,1243.340858964081,1623.0568426278314,304.87162737707627
0.1%,487.81469126295315,1209.8727995660615,1697.6874908290147,296.6651394616642
0.1%,503.71930530999157,1315.9785569429425,1819.697862252934,322.682650824171
0.1%,460.27009044071804,1281.4828762440566,1741.7529666847745,314.2241864888867
0.1%,342.3005885509642,1193.6611600092347,1535.9617485601989,292.6899874359692
0.1%,292.4386993664611,1267.443031791065,1559.8817311575262,310.78156639348435
0.1%,433.331775996438,1292.2806135176604,1725.6123895140984,316.8718303034208
0.1%,340.8231855275325,1413.1522995974908,1753.9754851250232,346.5100002173989
0.1%,357.12642755096545,1245.2215615102346,1602.3479890612,305.3327823706761
0.1%,332.8068367168287,1246.0446284883744,1578.851465205203,305.5346013387063
0.1%,373.2031760468635,1263.353230465592,1636.5564065124556,309.7787324748881
0.1%,378.20411295646784,1220.5595950757054,1598.7637080321733,299.28557995871796
0.1%,366.35758329811983,1270.4040650871527,1636.7616483852726,311.50762235246583
0.1%,395.53183890789455,1233.5192715673033,1629.051110475198,302.46333900507136
0.1%,361.47024119928597,1226.1484458316509,1587.6186870309368,300.65598616136805
0.1%,319.503189243571,1243.5759351755682,1563.0791244191391,304.9292689052518
0.1%,435.2684719425033,1226.2357221467737,1661.504194089277,300.67738662611686
0.1%,385.55080067079984,1206.8340263923023,1592.3848270631022,295.9200214065191
0.1%,461.60756643170146,1228.7600086806372,1690.3675751123387,301.296350716291
0.1%,364.2541022190739,1136.6660372894519,1500.9201395085258,278.7145794126105
0.1%,409.06278425655773,1155.6334956476082,1564.696279904166,283.36546806890055
0.1%,360.84364942942545,1161.448446020983,1522.2920954504084,284.79131470674434
0.1%,389.4492785850655,1187.3682796753205,1576.817558260386,291.1469506617349
0.1%,348.3475471710021,1265.7331971738977,1614.0807443448998,310.3623088274491
0.1%,393.15430171748454,1215.2226330695282,1608.3769347870127,297.9769377787863
0.1%,444.09019397478187,1204.0739626883699,1648.1641566631517,295.2432439106171
0.1%,446.9985325709846,1219.016556289807,1666.0150888607918,298.90722132731685
0.1%,459.5161212221782,1187.1155110380294,1646.6316322602074,291.0849708874476
0.1%,552.6947809857122,1211.4196230516218,1764.114404037334,297.0444261149643
0.1%,496.89771925750006,1262.8241383355282,1759.7218575930283,309.64899719146837
0.1%,575.8234791828881,1206.121548670935,1781.9450278538231,295.7453193199455
0.1%,553.0767479319181,1230.201495585494,1783.2782435174122,301.6498084631011
0.1%,485.12727304716805,1275.5825122868578,1760.7097853340258,312.7773961346736
0.1%,429.84380401105136,1246.0814792791382,1675.9252832901896,305.5436372844562
0.1%,307.2468067864934,1238.2654906656394,1545.5122974521328,303.62712891028167
0.1%,353.6574471631892,1202.0215827657096,1555.6790299288987,294.7399930100243
0.1%,420.5629925937044,1298.6495248554165,1719.212517449121,318.43351015184123
0.1%,517.6505540555762,1205.656850093184,1723.3074041487603,295.63137356595746
0.1%,531.6734733872282,1227.8889478107803,1759.5624211980085,301.0827634742864
0.1%,520.7796672203775,1268.4031175809405,1789.1827848013181,311.01698286441484
0.1%,621.9079822285039,1315.475475298609,1937.3834575271128,322.55929340491963
0.1%,572.5180576244329,1279.3284036034224,1851.8464612278553,313.695902088552
0.1%,554.1435813670528,1287.7073979047343,1841.850979271787,315.7504614718514
0.1%,477.9272540412644,1271.1454522108886,1749.072706252153,311.68941312793993
0.1%,425.96998545829956,1191.4279344456922,1617.3979199039918,292.14239253715397
0.1%,363.5496647350893,1269.8639663167764,1633.4136310518657,311.37518820145897
0.1%,282.0441564640664,1307.1109325159211,1589.1550889799876,320.5082775856954
0.1%,370.82873495287413,1299.8857440989907,1670.7144790518648,318.73663553364304
0.1%,390.76526477793664,1301.0159456528936,1691.7812104308302,319.01376499859896
0.1%,459.1013057090704,1116.4197727521864,1575.5210784612568,273.75012290554633
0.1%,317.68262092108347,1241.2239311246635,1558.906552045747,304.3525490963377
0.1%,310.06607093497246,1232.18500752581,1542.2510784607825,302.13617268800874
0.1%,235.05527255136622,1309.1476610037162,1544.2029335550824,321.0076906984573
0.1%,344.43884003779954,1179.231184742176,1523.6700247799756,289.1517058690427
0.1%,429.6788725995093,1193.650685390049,1623.3295579895582,292.68741902186594
0.1%,414.0689089678426,1269.182793182505,1683.2517021503477,311.20816211165135
0.1%,510.9755179188187,1264.6222925030197,1775.5978104218384,310.0899110272565
0.1%,408.52190984283766,1281.0705021211318,1689.5924119639694,314.12307087844255
0.1%,425.2861375407856,1324.4924882276073,1749.7786257683929,324.77029723860227
0.1%,358.31347841466925,1244.8968536631835,1603.2103320778529,305.25316284475224
0.1%,460.2557991092972,1236.6189246385577,1696.874723747855,303.2233850289148
0.1%,545.1149058273154,1203.251296100909,1748.3662019282244,295.0415231198141
0.1%,518.0960094885606,1264.2890710911997,1782.3850805797604,310.0082039447891
0.1%,424.74732315615006,1321.3573674360691,1746.1046905922192,324.00155440283936
0.1%,437.6408254968735,1287.2187451240745,1724.859570620948,315.6306420616003
0.1%,421.3268610381783,1224.5318090503865,1645.8586700885648,300.2595810381645
0.1%,458.2786182741521,1194.324410646701,1652.603028920853,292.8526188654323
0.1%,517.7808936385645,1138.1837945179286,1655.9646881564931,279.0867389156727
0.1%,398.9786721636334,1214.3575018756537,1613.336174039287,297.7648045145494
0.1%,450.1895508730903,1181.3206264039584,1631.5101772770486,289.6640444406777
0.1%,452.10276126482427,1253.0848950671184,1705.1876563319427,307.26089989437224
0.1%,470.8904448520817,1180.5117170531034,1651.402161905185,289.46569697351475
0.1%,447.3892397056824,1262.7417056852926,1710.130945390975,309.62878441068085
0.1%,434.14492318161183,1301.5751804608185,1735.7201036424303,319.15089137448274
0.1%,364.24417357807033,1146.9997067869567,1511.243880365027,281.24843214797863
0.1%,391.5864341027174,1252.495207999739,1644.0816421024565,307.1163065155099
0.1%,296.0872386262939,1217.7346895085286,1513.8219281348224,298.5929030059399
0.1%,346.1376028434113,1214.7244717291276,1560.8620745725389,297.8547868356645
0.1%,379.22438892869627,1294.2392941840271,1673.4636831127234,317.35210581110795
0.1%,258.2070231240301,1313.269368832828,1571.4763919568582,322.01834820590955
0.1%,303.9397771833051,1239.7096899324708,1543.649467115776,303.98125173795296
0.1%,284.96430140084215,1287.1939887014453,1572.1582901022875,315.62457169819146
0.1%,318.9639699032658,1234.9188104596756,1553.8827803629415,302.8065109491274
0.1%,411.0328189891761,1170.5820669950235,1581.6148859841996,287.03091125030295
0.1%,376.5162346457659,1267.5937732908644,1644.1100079366304,310.8185287485986
0.1%,420.8597948852703,1275.854115668418,1696.7139105536883,312.8439942556477
0.1%,363.90058043231625,1166.4956415157646,1530.396221948081,286.0289051012773
0.1%,253.19110990289437,1180.7265375189018,1433.9176474217961,289.5183717203709
0.1%,336.0600118697521,1226.0993716462463,1562.1593835159983,300.64395299551603
0.1%,337.815783117132,1250.964802113544,1588.780585230676,306.7410455163174
0.1%,332.1138940303258,1251.5105897713631,1583.624483801689,306.8748746028804
0.1%,237.77545389106513,1153.6129925957339,1391.388446486799,282.87003349108215
0.1%,274.74314970949985,1166.549037979518,1441.292187689018,286.0419981052459
0.1%,209.9194307741962,1210.5961939077563,1420.5156246819524,296.8425183426024
0.1%,311.0695106600102,1202.8444365269777,1513.913947186988,294.94175969651457
0.1%,254.74996361964304,1198.79552845432,1453.545492073963,293.9489529498274
0.1%,310.36219430079984,1233.9950836981693,1544.357277998969,302.58000984204824
0.1%,358.12562298328345,1235.6229368262486,1593.748559809532,302.97916525362365
0.1%,289.242437732279,1194.718984703973,1483.9614224362522,292.9493698360885
0.1%,289.6061823007459,1210.5610033094047,1500.1671856101507,296.8338894819722
0.1%,249.95018294583735,1274.4793069531233,1524.4294898989606,312.5068862394974
0.1%,327.42466699618024,1200.7746463311057,1528.1993133272858,294.4342397346351
0.1%,336.8284404671431,1276.206452751665,1613.034893218808,312.93038856914626
0.1%,361.44228620897076,1182.7789014650086,1544.2211876739793,290.02161870345566
0.1%,375.96830752538074,1275.0831416167487,1651.0514491421295,312.65494865958027
0.1%,429.0141946997163,1203.550433908212,1632.5646286079282,295.11487278050043
0.1%,339.0427933230186,1206.1523994077113,1545.19519273073,295.7528840309891
0.1%,401.4494107189822,1321.062180515333,1722.5115912343153,323.9291735136758
0.1%,437.6107732801197,1253.4632607954964,1691.074034075616,307.3536765247891
0.1%,399.80105228581226,1275.9729493308178,1675.77400161663,312.87313269486316
0.1%,392.7973213253158,1168.260978511615,1561.0582998369307,286.46177204915693
0.2%,396.38425847397843,1151.7327814160992,1548.1170398900776,282.40899898231083
0.2%,386.5230820643983,1123.3682091488588,1509.891291213257,275.45390437199364
0.2%,431.09015278031904,1212.5549105560533,1643.6450633363725,297.32280267318765
0.2%,464.6841722527988,1196.539299262832,1661.2234715156308,293.3957174791314
0.2%,479.971893866732,1227.4865847046467,1707.4584785713787,300.98410260097955
0.2%,380.3657729040947,1237.2644802454145,1617.6302531495091,303.38167757355836
0.2%,251.04572624638058,1263.0647693747342,1514.1104956211148,309.708000783276
0.2%,380.80540945440276,1145.4006528389414,1526.206062293344,280.8563383984003
0.2%,314.10256219724,1146.2016830399432,1460.3042452371833,281.0527538698271
0.2%,487.0256226476863,1195.9957811122963,1683.0214037599826,293.2624448838747
0.2%,512.373606934712,1246.3436830806086,1758.7172900153205,305.60793059476
0.2%,483.5720084462066,1217.2838577411796,1700.8558661873863,298.48235744347886
0.2%,479.5629656922731,1240.3569597218122,1719.9199254140854,304.13996460627527
0.2%,509.89706603690684,1300.254919346077,1810.1519853829839,318.82715862516307
0.2%,415.82153896449086,1289.5239623278399,1705.3455012923307,316.1958895681893
0.2%,344.78602706979757,1224.8586927693962,1569.6447198391938,300.3397340956781
0.2%,436.9379078732868,1256.1919551585913,1693.1298630318781,308.022762146076
0.2%,327.18006892893004,1229.3755571420108,1556.555626070941,301.4472854014945
0.2%,385.9604981533709,1245.0163664684646,1630.9768646218356,305.2824678122322
0.2%,345.25013933170567,1233.6396771386592,1578.8898164703648,302.4928628819872
0.2%,393.8483062119117,1262.7487113526906,1656.5970175646023,309.6305022253937
0.2%,397.04812996116425,1228.8787620591968,1625.926892020361,301.3254694696215
0.2%,316.9237658288623,1264.335715278659,1581.2594811075214,310.0196412664503
0.2%,287.9137359005683,1234.9094133720025,1522.8231492725708,302.8042067496066
0.2%,251.60255711204206,1379.6811398161562,1631.2836969281984,338.3027520769046
0.2%,434.02012951436063,1220.228692193838,1654.2488217081986,299.2044413880908
0.2%,380.3685541740911,1224.864848773687,1605.2334029477781,300.3412435699568
0.2%,232.97030492399244,1316.2831866298543,1549.2534915538467,322.75734711338765
0.2%,243.96567318461678,1169.043091391905,1413.0087645765216,286.6535489258577
0.2%,349.16401584811774,1199.1408611949807,1548.3048770430985,294.03362977346177
0.2%,359.01428551601333,1200.3029181174165,1559.31720363343,294.31857028876254
0.2%,391.6517929242784,1273.6861475984597,1665.337940522738,312.3124007277552
0.2%,351.4333269169331,1305.6196834880411,1657.0530104049742,320.14261798826766
0.2%,374.88411511762513,1232.1277071309864,1607.0118222486117,302.1221224261732
0.2%,336.9022928364685,1248.7752186539365,1585.6775114904049,306.20415181754146
0.2%,275.8196380055997,1298.316908409589,1574.1365464151886,318.3519514091998
0.2%,379.93382961472025,1229.1313199040778,1609.065149518798,301.3873975568557
0.2%,293.2623030435888,1245.390459131804,1538.6527621753928,305.3741966718123
0.2%,376.6221305388417,1272.4680898204385,1649.0902203592802,312.01372860228986
0.2%,412.25339224051913,1396.0683673686242,1808.3217596091433,342.3209589073967
0.2%,453.31963833204327,1314.8175069782833,1768.1371453103266,322.3979572185199
0.2%,461.54335224074737,1249.3044494168917,1710.8478016576391,306.3339210942421
0.2%,435.2979699481848,1292.4965854233315,1727.7945553715163,316.9247873874536
0.2%,354.04566123081815,1327.7508968275845,1681.7965580584028,325.56927068612674
0.2%,353.7712960825062,1159.0979992305888,1512.8692953130949,284.2149767436795
0.2%,372.69905453741376,1198.661509327814,1571.3605638652277,293.9160909804785
0.2%,280.87213208098296,1168.2748592603473,1449.1469913413302,286.4651756584124
0.2%,296.90159004980467,1301.6765908143966,1598.5781808642014,319.17575755603326
0.2%,445.9770587357825,1254.7143649457719,1700.6914236815544,307.66045173897334
0.2%,423.6483815279569,1173.2163094586108,1596.8646909865677,287.67683692787523
0.2%,552.7964108824843,1221.3422400667614,1774.1386509492459,299.47748731088245
0.2%,431.8566763729709,1200.9173491516544,1632.7740255246254,294.4692309768342
0.2%,480.3637905445355,1343.4421162220306,1823.805906766566,329.4168138259068
0.2%,439.1764056321708,1256.6384663775943,1695.8148720097652,308.13224829462337
0.2%,516.6673117672972,1258.2531762058782,1774.9204879731753,308.5281809220614
0.2%,372.7218199090692,1344.2356277969295,1716.9574477059987,329.611385703311
0.2%,320.34695640170094,1221.3400762423562,1541.6870326440571,299.47695673339604
0.2%,359.1255592753547,1223.6987872555012,1582.824346530856,300.05532111344934
0.2%,415.9976527853215,1153.5479808063628,1569.5456335916842,282.8540923677117
0.2%,389.82210427072675,1197.6719424711043,1587.494046741831,293.67344564647505
0.2%,349.2587654682685,1292.9478067008702,1642.2065721691388,317.03542845920686
0.2%,335.6765297138437,1282.5168331402888,1618.1933628541324,314.4777164194117
0.2%,449.549033066433,1283.6941373160162,1733.243170382449,314.76639561577537
0.2%,442.8257314607264,1198.2482823486498,1641.074013809376,293.8147662466329
0.2%,431.42386657424674,1207.0998072423436,1638.5236738165904,295.9851918219313
0.2%,288.46241161361536,1221.1540336890234,1509.6164453026388,299.4313384336458
0.2%,333.09330361518107,1161.7375663662128,1494.8308699813938,284.86220804988716
0.2%,353.9481693080711,1062.2256263868437,1416.1737956949148,260.46152430638233
0.2%,327.7108942116324,1190.2119371632743,1517.9228313749068,291.84422565258325
0.2%,273.969652240643,1223.095104518843,1497.064756759486,299.9072959464025
0.2%,300.000375265203,1200.59512125008,1500.595496515283,294.39021954241457
0.2%,289.8190532861174,1198.787016047397,1488.6060693335144,293.9468656771919
0.2%,284.75031413106035,1149.1793831562363,1433.9296972872967,281.7828965927579
0.2%,199.0214562462097,1144.1519362680428,1343.1733925142526,280.5501486272222
0.2%,241.82453564228865,1133.3054328266305,1375.1299684689193,277.8905471738528
0.2%,369.09912617550447,1097.9157965323761,1467.0149227078805,269.21288172794965
0.2%,447.3271110769383,1220.6811658814745,1668.0082769584128,299.31538955528123
0.2%,376.0590330613013,1272.4716769612571,1648.5307100225584,312.0146081820536
0.2%,312.49907442313645,1239.9280666183424,1552.427141041479,304.03479848269546
0.2%,353.94188561910073,1233.1098077130785,1587.0516933321792,302.3629370029256
0.2%,367.3000842726825,1268.5612717256695,1635.8613559983519,311.05576282658876
0.2%,374.75994626052966,1249.740975592484,1624.5009218530136,306.440958874418
0.2%,467.5432874844737,1255.784820987641,1723.3281084721148,307.92293139060496
0.2%,452.9266324299947,1218.3129340960643,1671.239566526059,298.7346906478025
0.2%,341.77825204769823,1201.4191118995723,1543.1973639472706,294.59226499796523
0.2%,367.71929855394814,1272.60035251416,1640.3196510681082,312.0461598880354
0.2%,370.1590606001516,1247.4253807602274,1617.584441360379,305.8731667361912
0.2%,397.453452568115,1185.7547252287638,1583.2081777968788,290.75130133803043
0.2%,397.3619349994714,1205.7512051666627,1603.1131401661341,295.6545097675834
0.2%,429.6009087924788,1212.1439111595973,1641.744819952076,297.2220241505926
0.2%,413.91557441003033,1225.1110217841272,1639.0265961941575,300.4016060729407
0.2%,375.35600771774557,1153.1900606617128,1528.5460683794583,282.76632906758067
0.2%,386.19888528105594,1204.2530391108803,1590.4519243919362,295.28715409016445
0.2%,344.0626453363287,1121.2522393282825,1465.3148846646113,274.9350610009028
0.2%,279.297955928206,1185.6139477751453,1464.9119037033513,290.71678220269183
0.2%,248.48280147681317,1168.695686335719,1417.1784878125322,286.56836396304175
0.2%,345.813253476506,1155.2638901561797,1501.0771436326859,283.2748394799284
0.2%,322.3102404424226,1268.8399669672826,1591.1502074097052,311.12409989702303
0.2%,375.5580254778057,1232.0692549043483,1607.627280382154,302.10778973105545
0.2%,267.08056479760586,1229.1161576715683,1496.1967224691741,301.38367972319287
0.2%,291.0186166943754,1178.466129675325,1469.4847463697004,288.9641116292312
0.2%,358.79793936692397,1083.357420311797,1442.1553596787207,265.6431157877925
0.2%,355.0467487463891,1246.7673569122455,1601.8141056586346,305.71181693421147
0.2%,436.1534917130434,1315.9978614570962,1752.1513531701396,322.68738436011427
0.2%,363.49148117882737,1332.163704726314,1695.6551859051415,326.65130697222526
0.2%,494.967545467607,1263.7141357366659,1758.681681204273,309.8672277386992
0.2%,459.32923714881645,1252.664735200347,1711.9939723491634,307.15787519167895
0.2%,492.6988732763451,1300.161574186846,1792.8604474631911,318.80427005812425
0.2%,451.90160935068616,1363.0152825849157,1814.9168919356018,334.2162242522213
0.2%,277.2740533674787,1199.0782836332587,1476.3523370007374,294.0182855314207
0.2%,295.6126680064997,1220.3237367586005,1515.9364047651002,299.2277466554466
0.2%,275.2126376174592,1170.5359567126227,1445.748594330082,287.0196048440725
0.2%,317.7281927136671,1141.7141596944043,1459.4423524080714,279.95239708883383
0.2%,326.1200745528007,1119.0516960382395,1445.17177059104,274.395479912489
0.2%,313.85634703268056,1238.634208348484,1552.4905553811645,303.7175398054124
0.2%,243.32576557632137,1141.3200126448073,1384.6457782211287,279.85575082198744
0.2%,307.4806470083157,1257.2878986727271,1564.7685456810427,308.2914914171034
0.2%,318.37996164012566,1289.3393573655048,1607.7193190056305,316.1506237708955
0.2%,483.93540501572005,1303.6663754046947,1787.6017804204148,319.66365985716044
0.2%,383.0654217065621,1360.0280111571406,1743.0934328637027,333.48373460946823
0.2%,343.5655988253343,1262.784019557531,1606.3496183828654,309.6391599235557
0.2%,272.0837989017673,1216.414412004128,1488.4982109058953,298.26916623781716
0.2%,347.75634548015614,1241.5920405037689,1589.348385983925,304.44281083321505
0.2%,276.32809998788736,1179.2457970910282,1455.5738970789155,289.1552888692653
0.2%,291.18480261172044,1167.4598984862323,1458.6447010979527,286.2653443606137
0.2%,220.70679221209895,1306.2631849288393,1526.9699771409382,320.3004068440438
0.2%,410.6922946976823,1125.2079173422646,1535.9002120399468,275.9050074036191
0.2%,387.3131483242061,1352.350447790843,1739.6635961150491,331.60116860120246
0.2%,427.27704810693956,1249.685802720607,1676.9628508275464,306.4274302888215
0.2%,431.80354219625417,1278.8221819764722,1710.6257241727262,313.57177473432796
0.2%,399.7899880146888,1213.111024426968,1612.9010124416568,297.45916378414967
0.2%,482.10358547421134,1268.170893161782,1750.2744786359933,310.9600406059222
0.2%,368.56578788731724,1310.7091853790848,1679.274973266402,321.3905820625393
0.2%,383.8809677927983,1169.8734691115537,1553.7544369043521,286.8571605138642
0.2%,370.61710033015834,1231.996844780322,1602.6139451104802,302.0900345095558
0.2%,406.4081559964179,1241.0554825250485,1647.4636385214665,304.31124489699147
0.2%,253.14007313455159,1239.2132885691426,1492.3533617036942,303.8595323475067
0.2%,301.880128265445,1205.90678360324,1507.786911868685,295.6926581569025
0.2%,337.4302651776069,1249.9872292865177,1587.4174944641245,306.5013411613078
0.2%,352.64644429790496,1258.9042594631314,1611.5507037610364,308.6878288663605
0.2%,224.57014424197723,1172.586240786077,1397.1563850280543,287.52234183494085
0.2%,319.6903427898794,1185.4074765893197,1505.097819379199,290.66615472915925
0.2%,329.6689172012118,1166.7531363630292,1496.422053564241,286.09204375916084
0.2%,395.8051464125567,1194.8952703066466,1590.7004167192033,292.9925956966261
0.2%,390.73503702145524,1194.8386609399377,1585.573697961393,292.9787148773568
0.2%,395.3119892512443,1225.761988722661,1621.0739779739054,300.5612254954737
0.2%,325.6946875574911,1223.8685294640322,1549.5632170215233,300.09694251033045
0.2%,295.01076978358833,1379.54378427209,1674.5545540556784,338.26907200603193
0.2%,293.45524466039797,1323.330404225273,1616.785648885671,324.48535008321346
0.2%,273.8025794106158,1357.1894126316597,1630.9919920422756,332.78770009431963
0.2%,274.16212318039436,1285.0247544986619,1559.1868776790561,315.09266770999983
0.2%,295.3043002299867,1239.5939034872472,1534.8982037172339,303.9528604872923
0.2%,264.04414125484783,1293.340377442262,1557.3845186971098,317.13168820964125
0.2%,338.65663021573266,1127.34326121177,1465.9998914275025,276.428601360829
0.2%,316.9597661547172,1169.348989240982,1486.3087553956993,286.728556172975
0.2%,327.772309663412,1243.6502018096944,1571.4225114731064,304.94747934967063
0.2%,218.33340269110505,1242.4304577942846,1460.7638604853896,304.6483937527642
0.2%,291.4917889366171,1183.2080582148792,1474.6998471514962,290.12684947407627
0.2%,274.7624133629211,1246.3782993650968,1521.140712728018,305.616418631576
0.2%,366.62734259062836,1206.4835898182848,1573.1109324089132,295.8340931046838
0.2%,393.065964709989,1273.576727708547,1666.642692418536,312.28557057923666
0.2%,427.40939127589684,1293.6677652261676,1721.0771565020646,317.21196486567095
0.2%,442.70535367039895,1266.551803042753,1709.2571567131517,310.56303391552046
0.2%,448.1132377049672,1251.7738984218531,1699.8871361268202,306.939438826117
0.2%,256.0464582068902,1329.412728224834,1585.459186431724,325.97675769087925
0.2%,291.0959292495526,1209.1185465007995,1500.2144757503522,296.4801939112926
0.2%,282.8788903106256,1251.9218319933289,1534.8007223039544,306.9757126671593
0.2%,424.897408495176,1236.587469367676,1661.484877862852,303.21567208394544
0.2%,354.3659337063518,1191.5486603230527,1545.9145940294045,292.17199495424825
0.2%,296.0032957789829,1233.187128480234,1529.1904242592168,302.38189633169117
0.2%,270.5839293178242,1160.091414576456,1430.67534389428,284.45856574099446
0.2%,316.89788273406,1153.5789930019257,1470.4768757359857,282.8616966690275
0.2%,258.7082587818622,1296.9580258972167,1555.666284679079,318.0187485549911
0.2%,293.6396811003683,1241.7703323220346,1535.410013422403,304.4865286249942
0.2%,254.43197417502108,1148.2911589898529,1402.723133164874,281.56510084903357
0.2%,275.0999126235621,1235.7181766663834,1510.8180892899454,303.0025184031994
0.2%,265.50409505953985,1234.1606084075297,1499.6647034670696,302.6205970930422
0.2%,246.65561735758013,1220.7542666953739,1467.409884052954,299.3333141364091
0.2%,247.86162612450744,1228.775801036864,1476.6374271613715,301.3002230585439
0.2%,202.64521559088433,1174.4931708888787,1377.138386479763,287.98992791927486
0.2%,157.5115035785057,1212.8124064853168,1370.3239100638225,297.38594159638126
0.2%,219.72074983267254,1284.8332048938441,1504.5539547265166,315.04569906152085
0.2%,298.9146516649446,1170.1101750054136,1469.0248266703582,286.9152016459886
0.2%,296.63803502816506,1261.9205978228626,1558.5586328510276,309.42744582483266
0.2%,296.90699847981034,1264.4778325103212,1561.3848309901314,310.0544889201591
0.2%,313.1828476741556,1201.7567209501867,1514.9395686243424,294.6750479451643
0.2%,259.98028769735515,1234.742499100646,1494.7227867980012,302.7632787730392
0.2%,336.40088335722635,1215.5656766340483,1551.9665599912746,298.0610532882401
0.2%,203.71082603163597,1277.5128866134107,1481.2237126450468,313.2507308265565
0.2%,361.6795051160907,1128.2707420737656,1489.9502471898563,276.65602298678067
0.2%,260.9588047942233,1196.3931388032215,1457.351943597445,293.3598784114627
0.2%,305.71309196528273,1200.968578882992,1506.6816708482747,294.48179269026167
0.2%,329.58252645486175,1203.4482517192853,1533.0307781741471,295.08981734216064
0.2%,376.2845363505682,1192.96425086273,1569.2487872132983,292.5191028196574
0.2%,370.3702486274308,1265.4831309831625,1635.8533796105933,310.3009917027268
0.2%,361.3438990642898,1228.9434552058437,1590.2873542701336,301.3413324606559
0.2%,315.7658330465757,1221.572332343781,1537.3381653903566,299.53390676049366
0.2%,337.59300977840485,1173.5773355527763,1511.1703453311811,287.76536181794074
0.2%,439.92244119941313,1195.5762041447833,1635.4986453441966,293.1595631101653
0.2%,342.7935503328307,1179.7321319524356,1522.5256822852662,289.2745399174219
0.2%,344.3663138993408,1192.520342745862,1536.886656645203,292.4102549610676
0.2%,285.4808526997432,1166.030508445511,1451.5113611452543,285.914852808173
0.2%,356.49248591085035,1248.6464579959586,1605.138943906809,306.17257924349076
0.2%,336.66873464775074,1243.2183675660642,1579.887102213815,304.84159204799994
0.2%,318.52400326319287,1225.5058122780251,1544.0298155412179,300.498410114632
0.2%,312.60462437158884,1212.5275215916758,1525.1321459632647,297.31608680112276
0.2%,313.7174319450505,1234.8363182029473,1548.5537501479978,302.7862835526147
0.2%,372.51473225676034,1162.6724400031724,1535.1871722599326,285.09144241071175
0.2%,356.7922417952552,1166.69541012555,1523.4876519208053,286.0778890791825
0.2%,252.86570597256332,1271.9141102973347,1524.779816269898,311.877890841048
0.2%,441.19745410532926,1173.4953896513016,1614.6928437566307,287.7452683896911
0.2%,357.38776066722176,1222.222741823303,1579.6105024905248,299.69338949208236
0.2%,288.33025264329433,1251.1170714474906,1539.447324090785,306.77838250183123
0.2%,336.9386565644759,1321.112950802965,1658.051607367441,323.9416225698628
0.2%,323.45484473809677,1202.0165293798016,1525.4713741178984,294.73875390171827
0.2%,246.44958525295476,1244.4998280558318,1490.9494133087865,305.15581074524465
0.2%,300.2564162040388,1168.3643750912124,1468.6207912952514,286.48712526043437
0.2%,343.25789606022227,1240.1397302290165,1583.3976262892388,304.0866991573797
0.2%,331.02436515297757,1298.0181382340202,1629.0425033869979,318.27869189313014
0.2%,359.7868708223202,1136.2616471386598,1496.04851796098,278.61542150070045
0.2%,309.54284959983045,1208.2192757772243,1517.7621253770549,296.2596895122195
0.2%,362.5940136947278,1263.9672547533935,1626.5612684481212,309.929293427278
0.2%,361.5157438102508,1217.6080029068655,1579.1237467171163,298.5618389979187
0.2%,411.4910524060292,1236.278316719861,1647.7693691258903,303.13986674853174
0.2%,328.9649703523728,1165.5350685722162,1494.500038924589,285.7933691785232
0.2%,189.84915695175243,1251.8800335029002,1441.7291904546528,306.9654635277484
0.2%,342.61962137366345,1198.8919523885593,1541.5115737622227,293.97259644351436
0.2%,282.0636843851581,1166.0351063746173,1448.0987907597755,285.91598023684156
0.2%,288.48895894531086,1164.0246413356515,1452.5136002809622,285.423007015705
0.2%,329.6256443126275,1174.763638397669,1504.3892827102964,288.0562475201816
0.2%,292.15847448670866,1229.8477814165267,1522.0062559032353,301.5630764832567
0.2%,336.3747764942009,1259.7261122424761,1596.100888736677,308.8893501085016
0.2%,340.72920130466537,1203.1265717053125,1543.8557730099778,295.0109402517414
0.2%,263.5105573605526,1261.3108229672732,1524.8213803278259,309.2779268484258
0.2%,353.96215883157356,1187.4581129301578,1541.4202717617313,291.16897809725054
0.2%,274.66609053919944,1194.2241909653033,1468.8902815045026,292.8280446409607
0.2%,360.4315247835906,1208.5652763214175,1568.9968011050082,296.3445300836694
0.2%,294.723523565159,1207.2561239803852,1501.9796475455441,296.02352124541113
0.2%,253.1853680941167,1254.9395473279906,1508.1249154221073,307.7156672648114
0.2%,266.8046653361166,1171.804103701181,1438.6087690372976,287.3305590231841
0.2%,222.1072774169645,1288.1639544194347,1510.2712318363992,315.8624107628465
0.2%,317.0704125506602,1356.4674274713395,1673.5378400219997,332.6106667496966
0.2%,372.8902660929268,1240.8190690536394,1613.7093351465662,304.25327546789833
0.2%,256.44234553949065,1242.886217145721,1499.3285626852116,304.76014757647476
0.2%,219.52159432300687,1292.3528277285982,1511.874422051605,316.8895374863301
0.2%,371.3828579115145,1156.6957580972069,1528.0786160087214,283.62593862239027
0.2%,232.741804462272,1224.5900703993227,1457.3318748615948,300.27386692938677
0.2%,251.17926042104386,1197.7228725127634,1448.9021329338073,293.68593387492103
0.2%,330.9869902916521,1209.2141531350997,1540.2011434267517,296.5036370001101
0.2%,221.1186990049382,1219.984469065229,1441.1031680701672,299.14455700310873
0.3%,300.504523354763,1243.706566200934,1544.211089555697,304.9613001000783
0.3%,327.38837970946986,1246.9717674168905,1574.3601471263605,305.7619391213452
0.3%,311.3277979791361,1255.7976932302977,1567.1254912094337,307.9260877105621
0.3%,290.7280359944617,1263.420231800989,1554.148267795451,309.79516144206275
0.3%,341.08662641530736,1239.3685055177793,1580.4551319330867,303.8975920986893
0.3%,316.016332316142,1171.6115825640918,1487.6279148802337,287.28335215151594
0.3%,505.1116125399151,1190.807850008109,1695.919462548024,291.99034561435377
0.3%,355.8545456579137,1369.1269699492132,1724.9815156071268,335.71483186198463
0.3%,309.0546745046331,1302.2043170275313,1611.2589915321644,319.30515791173457
0.3%,288.83121384802484,1256.0208099294982,1544.852023777523,307.98079672353293
0.3%,385.25883749801983,1265.2947962739756,1650.5536337719955,310.25481135815966
0.3%,305.6619331324689,1216.5266615123617,1522.1885946448306,298.2966902188725
0.3%,386.8903443649866,1179.5437861039932,1566.4341304689797,289.22835684146946
0.3%,366.590217900937,1184.0075885755248,1550.5978064764618,290.32289717928114
0.3%,444.3874072721777,1116.6587417861365,1561.0461490583143,273.8087189677185
0.3%,217.7468353125205,1263.4978711432238,1481.2447064557443,309.8141988865776
0.3%,354.8034726739386,1119.080574959354,1473.8840476332925,274.40256112727707
0.3%,302.7659542627003,1231.902045059287,1534.6679993219873,302.0667892787581
0.3%,301.8945003319485,1181.5150310563527,1483.4095313883013,289.711713157038
0.3%,237.41425098496165,1267.363959861012,1504.7782108459737,310.76217767331053
0.3%,249.6917755510903,1260.4890829739484,1510.1808585250387,309.07643326182034
0.3%,414.17659379024684,1225.007677532341,1639.1842713225878,300.3762656926299
0.3%,466.07421465292555,1316.955570314268,1783.0297849671936,322.922217998641
0.3%,479.4601430573033,1284.7781977727188,1764.238340830022,315.0322111186017
0.3%,446.99275753754705,1211.6581500057684,1658.6509075433155,297.10291377758693
0.3%,417.1475254040639,1181.3285908971225,1598.4761163011863,289.6659973628991
0.3%,410.65524057946016,1287.0005265436894,1697.6557671231494,315.5771340848888
0.3%,425.53387314419,1254.987680246776,1680.5215533909661,307.7274696287205
0.3%,480.7830545019249,1290.132339941755,1770.9153944436798,316.3450659359382
0.3%,381.17273012739975,1172.7581006420446,1553.9308307694444,287.56448248655056
0.3%,310.1081342902008,1202.5866870093766,1512.6948212995774,294.8785585925533
0.3%,395.3153238400022,1159.2503356621753,1554.5656595021774,284.2523301817747
0.3%,345.2660348655563,1195.089018351633,1540.3550532171894,293.0401034105006
0.3%,363.45001506130825,1227.2411721102303,1590.6911871715386,300.92392655472554
0.3%,387.83524221232955,1243.1319228759744,1630.967165088304,304.82039550068487
0.3%,366.76945967984875,1290.1931549061258,1656.9626145859745,316.35997798280204
0.3%,461.3769868879558,1229.2443062710738,1690.6212931590296,301.4151022183161
0.3%,421.6928586035955,1261.4777225184287,1683.170581122024,309.31885121554717
0.3%,399.28750326339696,1239.0395609734435,1638.3270642368404,303.816933719432
0.3%,409.86935238811157,1200.0605294512263,1609.929881839338,294.2591357205294
0.3%,419.1156731703794,1221.4535562956328,1640.569229466012,299.5047824484989
0.3%,396.3360872661043,1179.0643529077322,1575.4004401738366,289.11079810630133
0.3%,341.0061512446762,1236.700932612595,1577.707083857271,303.24349367757884
0.3%,396.4908408406821,1309.0387888085293,1705.5296296492113,320.9809948466453
0.3%,336.92746403732474,1267.2621017005165,1604.1895657378413,310.7372016879015
0.3%,329.05964469059006,1288.841483508156,1617.901128198746,316.02854331964664
0.3%,344.6707663849777,1229.5532305575457,1574.2239969425234,301.49085155871137
0.3%,260.7508061731328,1159.773030153972,1420.5238363271048,284.38049674140007
0.3%,285.2573338445543,1154.8249495077719,1440.0822833523262,283.16720966237904
0.3%,349.8397997428173,1230.2710573422153,1580.1108570850326,301.66686525474597
0.3%,487.40650156507354,1227.5910725757528,1714.9975741408264,301.0097234008396
0.3%,339.67088052664883,1287.3828353529861,1627.053715879635,315.6708775728556
0.3%,322.4230549734743,1267.1393233137012,1589.5623782871755,310.70709598814494
0.3%,334.7769168547052,1293.4932949418917,1628.2702117965969,317.1691841276998
0.3%,312.73848664260595,1297.3832402486541,1610.12172689126,318.1230126354097
0.3%,436.83477561963855,1177.4330410140935,1614.267816633732,288.710794593035
0.3%,512.6302353610736,1224.0362294100523,1736.666464771126,300.13806313713656
0.3%,370.3391163721098,1336.8110435114106,1707.1501598835205,327.7908510708287
0.3%,426.54235720933116,1187.108185734402,1613.6505429437332,291.0831746967877
0.3%,351.5003255308304,1271.5360331363422,1623.0363586671726,311.7851849683866
0.3%,341.9934174721765,1203.5837202778932,1545.5771377500696,295.1230347174472
0.3%,356.9415826130977,1249.2964638414626,1606.2380464545604,306.33196300257396
0.3%,285.3420883656178,1282.7036398797998,1568.0457282454176,314.5235221003472
0.3%,219.91195186664663,1183.298343887887,1403.2102957545337,290.1489878441462
0.3%,396.3151462433388,1187.3451484648087,1583.6602947081476,291.14127880615234
0.3%,371.5997910228434,1271.8126883982243,1643.4124794210677,311.8530218284916
0.3%,355.2112589423725,1307.9560434116447,1663.1673023540172,320.7155018011917
0.3%,346.40002618171354,1288.0874867823045,1634.4875129640182,315.8436606246157
0.3%,221.06984992665275,1201.6707666413674,1422.7406165680202,294.6539716410914
0.3%,299.41825313567983,1229.9030016689574,1529.3212548046372,301.57661668673455
0.3%,412.4973808378853,1219.0978061439578,1631.5951869818432,298.92714408227215
0.3%,330.74852602225724,1235.5475527878052,1566.2960788100625,302.9606808176681
0.3%,303.1830459709947,1321.1153171709773,1624.298363141972,323.9422028117663
0.3%,319.0402964195523,1244.4744150012077,1563.51471142076,305.1495793733212
0.3%,190.95483809700684,1235.7199349275397,1426.6747730245465,303.0029495351261
0.3%,265.13895881191024,1319.230450336469,1584.3694091483792,323.4800267197618
0.3%,370.9148509710592,1274.8040257285172,1645.7188766995764,312.5865084450901
0.3%,361.20801634517034,1211.550198790393,1572.7582151355634,297.07644375332006
0.3%,233.06656184841074,1130.219071773573,1363.2856336219838,277.133760400431
0.3%,239.71991036935162,1126.2313844706812,1365.951294840033,276.15596520554266
0.3%,250.80426030113756,1328.8456505564368,1579.6499108575745,325.8377082175454
0.3%,284.04282867061727,1297.7447067941455,1581.7875354647626,318.21164552571634
0.3%,329.677523282871,1156.387414152283,1486.0649374351542,283.5503315838191
0.3%,247.7873077984657,1174.2200197364511,1422.0073275349168,287.9229502793461
0.3%,377.837342255346,1268.2911434091322,1646.1284856644784,310.98952639683614
0.3%,444.7254410289788,1146.383078256579,1591.1085192855578,281.0972326259907
0.3%,456.1567393003147,1150.8239013818836,1606.9806406821983,282.1861383458859
0.3%,301.37971303613074,1190.806399774232,1492.1861128103628,291.9899900118181
0.3%,232.8229831427165,1346.2202948398183,1579.0432779825348,330.09803316350246
0.3%,443.83719035382865,1199.6780376185718,1643.5152279724005,294.16534735458043
0.3%,366.3281854258396,1167.3127572100952,1533.6409426359348,286.2292647932233
0.3%,341.3698170824689,1326.270549715829,1667.640366798298,325.2062842775405
0.3%,340.74346422962117,1250.1060936317024,1590.8495578613235,306.53048712405183
0.3%,250.4175941036725,1307.793547670315,1558.2111417739875,320.6756572639967
0.3%,186.72959267926254,1141.1360093301705,1327.8656020094331,279.81063255086195
0.3%,194.4636058004803,1236.9866980034717,1431.450303803952,303.31356437391
0.3%,211.6698418989386,1265.0497628685023,1476.7196047674408,310.1947282903912
0.3%,330.3696924640296,1138.4732412702274,1468.842933734257,279.1577122949967
0.3%,360.4859894201637,1248.2726143504065,1608.75860377057,306.08091144396315
0.3%,271.6196947724528,1244.89241476743,1516.5121095398827,305.25207441163076
0.3%,351.6003718650268,1110.2579413869191,1461.858313251946,272.2392198073265
0.3%,319.9543872294397,1241.2898332516795,1561.244220481119,304.3687085336844
0.3%,417.7749949785194,1179.229252337408,1597.0042473159274,289.15123203647937
0.3%,324.22614449696584,1256.0908561118642,1580.31700060883,307.99797229807916
0.3%,342.63106907220913,1276.1777154024599,1618.808784474669,312.9233420682969
0.3%,306.2910740094842,1280.3181229850577,1586.609196994542,313.93858482221293
0.3%,311.7779506559664,1187.110528863732,1498.8884795196984,291.0837492404833
0.3%,237.2997201869133,1208.4004517675985,1445.700171954512,296.30411451331935
0.3%,200.7092640135858,1186.796126912474,1387.5053909260598,291.00665675708296
0.3%,159.69454115835651,1151.0452078037608,1310.7397489621173,282.24040347237985
0.3%,134.87858762023075,1255.2497635517868,1390.1283511720176,307.7917333928612
0.3%,284.2332847905732,1221.4686301858633,1505.7019149764365,299.50847862031884
0.3%,410.2078736374208,1277.028763483839,1687.2366371212597,313.1320221029596
0.3%,378.3841831193967,1290.5915044347405,1668.9756875541373,316.4576547125403
0.3%,286.70256936232727,1299.162886816437,1585.8654561787644,318.55938834152784
0.3%,282.19218615721513,1163.2313785167942,1445.4235646740094,285.2284961341723
0.3%,276.0297437819904,1220.652824549851,1496.6825683318414,299.3084401593599
0.3%,322.7027016016358,1227.0964310800184,1549.799132681654,300.8884355362242
0.3%,301.528950304097,1300.298014051578,1601.826964355675,318.8377256011478
0.3%,405.719329444006,1218.44164634673,1624.160975790736,298.766251352207
0.3%,263.11516265116785,1247.0928630176459,1510.2080256688137,305.79163219593886
0.3%,302.2881573682737,1254.069858474775,1556.3580158430486,307.5024164461964
0.3%,333.48803251981496,1247.04538765421,1580.5334201740247,305.77999106695427
0.3%,343.2438318128419,1245.6590415597789,1588.902873372621,305.44005404415816
0.3%,313.1321148552152,1171.3444102220274,1484.4765250772425,287.2178405372808
0.3%,297.33807115908326,1329.9168705798663,1627.2549417389496,326.10037520018926
0.3%,352.3386939152588,1277.7219181965447,1630.0606121118035,313.3019861186703
0.3%,322.42750065274424,1195.5367919121074,1517.9642925648518,293.1498990896935
0.3%,319.1040067407058,1308.7986785276735,1627.9026852683792,320.92211894664837
0.3%,389.86075246412497,1179.9185926722848,1569.7793451364098,289.32026075309824
0.3%,298.0625883104233,1226.6950944294538,1524.757682739877,300.7900263534956
0.3%,391.511872740321,1214.600928578668,1606.1128013189889,297.824493613126
0.3%,308.3575418597741,1186.8341038677556,1495.1916457275297,291.01596884240223
0.3%,301.5843149013109,1317.2339652030314,1618.8182801043422,322.9904814214818
0.3%,403.1419326868196,1294.1894211679814,1697.331353854801,317.3398767691245
0.3%,367.36025614557,1277.0275812605778,1644.3878374061478,313.13173221758586
0.3%,300.55881633447643,1326.8837347315598,1627.4425510660362,325.3566394374158
0.3%,378.41388049265356,1220.3818488860447,1598.7957293786983,299.2419959570251
0.3%,361.6689642505571,1227.4776383614656,1589.1466026120227,300.9819089256209
0.3%,328.41297959919234,1268.7454501237964,1597.1584297229888,311.10092402881247
0.3%,363.7242452803787,1193.852160289297,1557.5764055696757,292.73682138805265
0.3%,269.38614488992266,1189.4041319758921,1458.7902768658148,291.6461489302546
0.3%,500.878639570451,1215.7579713840119,1716.6366109544629,298.10820464897495
0.3%,426.77465240861875,1315.26289452047,1742.0375469290886,322.5071678374913
0.3%,317.82324399088986,1339.2519379306639,1657.0751819215538,328.3893671161177
0.3%,351.25856619496835,1192.5473214261149,1543.8058876210832,292.4168702299972
0.3%,319.21104146203925,1243.1658295572831,1562.3768710193224,304.8287095402622
0.3%,382.5435370598411,1225.9616240775615,1608.5051611374026,300.61017679880433
0.3%,343.74105210270113,1277.0199946270686,1620.7610467297698,313.129871947904
0.3%,311.6018166298926,1265.252462271259,1576.8542789011517,310.24443090921955
0.3%,227.19871572272416,1395.9136320463417,1623.1123477690658,342.2830172527194
0.3%,384.19195869431366,1265.5471345925307,1649.7390932868443,310.3166856167532
0.3%,406.0013990537591,1167.462073698996,1573.463472752755,286.26587773056644
0.3%,439.3627844578076,1271.5464138963266,1710.9091983541343,311.7877303678778
0.3%,463.56657528546714,1207.6915387142649,1671.258113999732,296.1302864961023
0.3%,430.38052423055285,1250.7690794676344,1681.149603698187,306.6930536232313
0.3%,401.38635034666214,1251.8508351510943,1653.2371854977564,306.95830398741185
0.3%,307.90826653186787,1269.6499242428117,1577.5581907746796,311.32270431906556
0.3%,391.29240686041373,1221.6224757768898,1612.9148826373034,299.5462021097086
0.3%,380.85429509796586,1239.390604998532,1620.2449000964978,303.9030109704433
0.3%,461.50205919310895,1266.0109238752163,1727.5129830683254,310.4304084083377
0.3%,357.8131042563247,1269.2643817561798,1627.0774860125046,311.22816792184585
0.3%,293.86890291282646,1196.4255230858696,1490.2944259986962,293.36781915344125
0.3%,252.8665510563065,1193.5187580713655,1446.385309127672,292.6550699712797
0.3%,372.47731489401787,1233.252519258059,1605.7298341520768,302.39793038438654
0.3%,294.27270227072023,1163.936301669176,1458.209003939896,285.4013458133998
0.3%,466.3995202553675,1204.459900220813,1670.8594204761807,295.3378771744832
0.3%,436.7383531509913,1179.8604089419186,1616.59876209291,289.3059938942271
0.3%,415.9395301338225,1241.4215301685201,1657.3610603023426,304.4010010889143
0.3%,397.33197702954885,1278.9742988914404,1676.3062759209893,313.60907434616297
0.3%,356.8510606345005,1204.9873971259858,1561.8384577604863,295.46722130305176
0.3%,391.0323100545822,1217.8828144253914,1608.9151244799737,298.62922376555576
0.3%,448.0539003043573,1132.1559861481535,1580.2098864525108,277.608698735491
0.3%,437.84356508786163,1271.53721797945,1709.3807830673115,311.78547549615604
0.3%,434.93364651623824,1295.8754299879797,1730.809076504218,317.7532921644435
0.3%,414.34177609805135,1337.0028233356336,1751.3445994336848,327.83787616992953
0.3%,359.8365309525358,1241.3890376651575,1601.2255686176932,304.3930338108294
0.3%,464.9446519994948,1202.1736950653308,1667.1183470648257,294.7772914901597
0.3%,407.84020559243663,1262.1752596892038,1670.0154652816404,309.4898898256572
0.3%,379.6544052378589,1185.465293745352,1565.119698983211,290.6803317026921
0.3%,335.57284538830186,1288.936435670834,1624.509281059136,316.05182592968066
0.3%,246.8507358856274,1200.3839344271248,1447.2346703127523,294.338435777785
0.3%,335.49853664273576,1212.7760090879137,1548.2745457306496,297.3770168243056
0.3%,363.60018866614223,1135.3669144349446,1498.9671031010869,278.3960298403344
0.3%,378.2693529796171,1184.5103679507984,1562.7797209304154,290.4461804810774
0.3%,493.1978701957428,1239.563112648128,1732.7609828438708,303.9453104633685
0.3%,384.10224706789586,1201.5711412649996,1585.6733883328955,294.62954314233957
0.3%,357.31211808972796,1223.3761017118143,1580.6882198015423,299.97619746354627
0.3%,395.60475020586034,1240.7893533481265,1636.394103553987,304.2459890705817
0.3%,402.88857182938546,1217.3088487514271,1620.1974205808126,298.4884853286111
0.3%,457.5270385309724,1143.6464651272913,1601.1735036582636,280.4262052948995
0.3%,403.72902625020197,1184.205325691173,1587.9343519413749,290.3713830275551
0.3%,437.0154434164268,1232.0203217764476,1669.0357651928744,302.0957911530081
0.3%,456.98652069422445,1329.7669358006265,1786.753456494851,326.06361065584264
0.3%,440.8169153716601,1209.8498447145214,1650.6667600861815,296.6595108499325
0.3%,347.28602264199617,1254.281900804228,1601.567923446224,307.5544099840803
0.3%,381.4177016515493,1220.563418520675,1601.9811201722243,299.2865174811051
0.3%,384.9104127204139,1110.437546071328,1495.3479587917418,272.2832595185815
0.3%,384.00759522764724,1319.3476787631014,1703.3552739907486,323.50877154942344
0.3%,483.0062963611548,1233.738743577763,1716.7450399389177,302.51715432732203
0.3%,355.95115513464816,1118.1059993776848,1474.057154512333,274.1635917075534
0.3%,390.6242844503738,1211.3037331548076,1601.9280176051814,297.0160094976034
0.3%,403.9858049839081,1253.0901672532605,1657.0759722371686,307.2621926532785
0.3%,513.2426670888912,1231.854683231026,1745.097350319917,302.0551759890047
0.3%,436.4751518487526,1170.2336494271997,1606.7088012759523,286.9454780160105
0.3%,439.5395991500527,1292.359168322911,1731.8987674729638,316.8910922227427
0.3%,490.11345218186307,1213.0454554106764,1703.1589075925394,297.4430860267445
0.3%,406.70544096265917,1253.8431023254593,1660.5485432881185,307.4468150270351
0.3%,350.40793863325723,1233.7871916570457,1584.195130290303,302.5290339697127
0.3%,431.5740055003039,1175.2359609235968,1606.8099664239007,288.1720626935416
0.3%,409.4129328058391,1190.1229578480693,1599.5358906539084,291.8224076061208
0.3%,352.70804446396005,1270.3644439248192,1623.0724883887792,311.49790710169435
0.3%,437.88933836911633,1291.7910711924424,1729.6804095615587,316.7517927736612
0.3%,381.0377757329293,1333.5329538661224,1714.5707295990517,326.9870517605739
0.3%,447.7004042699639,1205.5324402975837,1653.2328445675475,295.60086783892945
0.3%,450.60066241819004,1281.2990562729365,1731.8997186911265,314.17911317424756
0.3%,405.4843862491041,1212.0314780068331,1617.5158642559372,297.19445513924126
0.3%,425.4958553359661,1160.8260004197487,1586.3218557557148,284.63868881816853
0.3%,415.2870034321504,1260.8407196401968,1676.1277230723472,309.16265583056463
0.3%,470.9100854558237,1165.7718804988917,1636.6819659547155,285.85143631027336
0.3%,463.4844872832509,1303.2426115319718,1766.7270988152227,319.55975143931255
0.3%,525.8726234775816,1272.5112520234013,1798.3838755009829,312.0243121288937
0.3%,371.5773661737262,1254.1272807546482,1625.7046469283744,307.51649659468217
0.3%,384.436983845897,1230.8751562085636,1615.3121400544605,301.8149924582818
0.3%,388.12669776242,1183.320317900217,1571.447015662637,290.154375950594
0.3%,416.99887155207057,1211.9597082327987,1628.9585797848692,297.17685693385084
0.3%,405.755302740052,1285.074010654391,1690.829313394443,315.10474549562656
0.3%,443.99712789933335,1238.6363958496777,1682.6335237490111,303.7180761885321
0.3%,556.9485297854778,1229.258370317449,1786.2069001029267,301.41855077280945
0.3%,436.7344845258681,1263.0001393047642,1699.7346238306322,309.6921532588686
0.3%,437.30840178065955,1204.8062057539792,1642.1146075346387,295.4227925303206
0.3%,354.48138536290026,1311.2224392193991,1665.7038245822994,321.51643374064184
0.3%,433.1297525382158,1190.1895982805383,1623.3193508187542,291.8387480786063
0.3%,393.1199638352259,1208.7494641632607,1601.8694279984866,296.38969360152606
0.3%,393.98980138378425,1224.572322454195,1618.5621238379792,300.2695150697381
0.3%,388.1230937460166,1208.094611496246,1596.2177052422626,296.2291213844662
0.3%,373.74097603655446,1228.1157823668127,1601.8567584033672,301.1383841190552
0.3%,381.75661699781267,1254.7971947135027,1636.5538117113153,307.6807618943915
0.3%,449.4794607310964,1264.7832029356866,1714.262663666783,310.129366841095
0.3%,413.1387443068061,1246.8592129482756,1659.9979572550817,305.73434036291326
0.3%,481.03923220062643,1246.624099810816,1727.6633320114424,305.67668978035715
0.3%,400.7137126195337,1229.845819238638,1630.5595318581716,301.5625953502176
0.3%,563.0456261342824,1078.9714830933842,1642.0171092276667,264.5676682886527
0.3%,544.5358301653177,1250.298141016917,1794.8339711822348,306.57757783006525
0.3%,473.48315567103396,1168.9614738421262,1642.4446295131602,286.6335360106188
0.3%,515.0277514115796,1193.4951252624899,1708.5228766740695,292.64927512198364
0.3%,447.707199191055,1182.2230633631782,1629.9302625542332,289.8853252120599
0.3%,463.2185040341842,1152.2826386939923,1615.5011427281765,282.5438259542774
0.3%,235.69805631540567,1337.104128970115,1572.8021852855206,327.8627166739829
0.3%,449.6748863589519,1184.698862193273,1634.373748552225,290.49239994377757
0.4%,362.0558138859676,1349.5488979989912,1711.6047118849588,330.9142185681026
0.4%,419.9862311409879,1191.7575320541757,1611.7437631951636,292.22321105007705
0.4%,485.99494167766886,1179.699609159919,1665.694550837588,289.2665652123281
0.4%,354.0054255204065,1207.9311480054173,1561.9365735258239,296.18903955163137
0.4%,415.42810797532366,1189.3782804424336,1604.8063884177573,291.639810041752
0.4%,415.3152084367473,1322.3519264918557,1737.667134928603,324.2454238419189
0.4%,402.12872605529265,1316.0606283961738,1718.1893544514664,322.70277503816055
0.4%,469.1757886533911,1239.4474083931004,1708.6231970464914,303.916939366038
0.4%,460.90486301470855,1178.771533920361,1639.6763969350695,289.0389978428714
0.4%,413.96844752800325,1146.5570238308717,1560.525471358875,281.1398847031965
0.4%,435.9286216778428,1209.3926020709778,1645.3212237488206,296.54739331768997
0.4%,338.4962008651305,1257.639466831189,1596.1356676963196,308.3776971874933
0.4%,414.61744218474547,1217.4701851396944,1632.0876273244398,298.5280455882869
0.4%,388.1322455059568,1232.330259381731,1620.4625048876878,302.17178896280166
0.4%,386.1959382071618,1251.4540743368277,1637.6500125439895,306.8610168161162
0.4%,540.8908240050863,1216.2016102846108,1757.092434289697,298.21698649477236
0.4%,554.2966541870687,1222.7261958447466,1777.0228500318153,299.8168382195334
0.4%,486.84516887091877,1186.9821425371276,1673.8273114080464,291.0522684538248
0.4%,479.09131459480363,1232.375147661922,1711.4664622567257,302.18279572971784
0.4%,535.5485230074146,1229.0667156976367,1764.6152387050513,301.37155637427804
0.4%,429.690241041465,1203.9641871100719,1633.6544281515369,295.2163265460339
0.4%,452.3560897845738,1219.1289552480703,1671.485045032644,298.93478195405413
0.4%,421.46834709106156,1170.5091530535708,1591.9775001446324,287.0130324909676
0.4%,449.21437923577537,1182.0779362927651,1631.2923155285405,289.84973953511997
0.4%,463.79985823417746,1133.8989936389157,1597.6988518730932,278.03609040882657
0.4%,478.77953171924094,1188.673736735405,1667.4532684546461,291.4670534038828
0.4%,466.63453509253384,1188.2337776164952,1654.868312709029,291.3591738537221
0.4%,448.92031151033245,1248.089494697885,1697.0098062082175,306.0360098499502
0.4%,485.25366835032855,1220.7644779118164,1706.018146262145,299.3358179632172
0.4%,490.43886952914727,1224.318241106379,1714.7571106355263,300.2072134141331
0.4%,495.06524357901174,1201.230865230263,1696.2961088092748,294.5461062410911
0.4%,482.2764680838004,1169.4152442698564,1651.6917123536568,286.74480214312
0.4%,419.3042452798029,1298.2579250120807,1717.5621702918836,318.3374884690841
0.4%,363.77523895808577,1307.1006324644582,1670.875871422544,320.50575197622237
0.4%,493.99784102198737,1133.253012863505,1627.2508538854925,277.87769361133223
0.4%,481.42946593211514,1114.5522189936783,1595.9816849257934,273.2921920417244
0.4%,490.0025657844875,1203.1235793631229,1693.1261451476103,295.01020651872966
0.4%,474.14145841113896,1208.2187467402482,1682.3602051513872,296.25955979046
0.4%,447.9508987926538,1299.1910386236646,1747.1419374163183,318.56629126538917
0.4%,519.0838509064072,1151.1519669675129,1670.23581787392,282.26658120132345
0.4%,477.021206900959,1232.4872330791136,1709.5084399800726,302.2102794750626
0.4%,541.9381876523004,1282.553695276296,1824.4918829285962,314.48675514705593
0.4%,449.663596145223,1291.108620090251,1740.772216235474,316.5844533215469
0.4%,546.3468141108024,1145.8284578041914,1692.1752719149938,280.9612377065952
0.4%,564.4892747852275,1240.5966517085117,1805.0859264937392,304.19873793904844
0.4%,472.8529680257956,1191.8987036574838,1664.7516716832793,292.2578268323299
0.4%,548.2820689543297,1280.0365815932448,1828.3186505475746,313.86954986556594
0.4%,467.82934641641657,1257.812947604735,1725.6422940211514,308.42023529389286
0.4%,489.03279524288104,1271.8356133875225,1760.8684086304036,311.8586431178947
0.4%,571.230136553437,1154.04455002695,1725.274686580387,282.9758529173585
0.4%,343.2262365501066,1300.3288977411344,1643.5551342912408,318.8452983923309
0.4%,380.5574961833713,1132.516976192914,1513.0744723762853,277.6972147861135
0.4%,397.25833624749384,1118.395790472674,1515.6541267201678,274.2346495209372
0.4%,396.53695874673036,1206.4233809702232,1602.9603397169535,295.8193296797077
0.4%,378.2577767621695,1233.2278776366422,1611.4856543988117,302.3918881706457
0.4%,479.00255141601133,1158.6907633640442,1637.6933147800555,284.11512105208476
0.4%,330.76399889974243,1270.6834375830147,1601.447436482757,311.57612548806514
0.4%,340.07892147921405,1271.2202380480207,1611.2991595272347,311.7077508827936
0.4%,373.3476726534862,1263.1311203128203,1636.4787929663064,309.72427027070296
0.4%,556.8638025930219,1228.6012520609133,1785.465054653935,301.2574230250926
0.4%,541.6087723920887,1223.3986192888503,1765.007391680939,299.98171885400495
0.4%,508.94272482979613,1314.7608218362152,1823.7035466660113,322.3840578188615
0.4%,509.361427852769,1271.7796795744953,1781.1411074272642,311.8449279468054
0.4%,521.4113074288289,1246.6106957934758,1768.0220032223046,305.67340306734485
0.4%,527.5706132085088,1208.4939505738482,1736.064563782357,296.327040755157
0.4%,532.0946812970838,1331.4783789772362,1863.57306027432,326.4832626464087
0.4%,546.8562015889202,1330.3807121164048,1877.236913705325,326.2141108046054
0.4%,574.2190732438366,1180.9800233540182,1755.1990965978548,289.5805273541312
0.4%,522.9609588308949,1170.8694842484333,1693.8304430793282,287.1013869892377
0.4%,512.6434944840737,1151.1704971402248,1663.8139916242985,282.2711248659746
0.4%,511.22689813499005,1196.9695502481432,1708.1964483831332,293.5012165601973
0.4%,531.4945243415516,1186.3297289359105,1717.824253277462,290.8922943044256
0.4%,471.46290860223087,1314.1357665178355,1785.5986751200662,322.2307920183039
0.4%,575.1574699421747,1183.3503452943173,1758.507815236492,290.1617387750675
0.4%,541.8283746611262,1282.7986227510253,1824.6269974121515,314.5468122402269
0.4%,572.453280702513,1319.3331822640741,1891.7864629665871,323.50521695599247
0.4%,526.9636108258229,1246.4628234397296,1773.4264342655524,305.6371442371089
0.4%,512.7628805820232,1227.2773552601197,1740.040235842143,300.9327987925442
0.4%,506.958292003181,1248.9843295912433,1755.9426215944243,306.25542656758245
0.4%,516.6102043929816,1252.7034142969467,1769.3136186899283,307.16735944456167
0.4%,506.0925634663562,1240.340753709629,1746.4333171759854,304.13599083410173
0.4%,512.8169174860082,1247.1068671661685,1759.9237846521767,305.7950660632644
0.4%,497.0826244995551,1206.384448096727,1703.4670725962822,295.80978319982194
0.4%,510.849800548388,1143.7130296755688,1654.5628302239568,280.4425271603096
0.4%,374.6694708856786,1194.3670233778414,1569.0364942635201,292.8630676595792
0.4%,541.1904907802907,1275.3160636709906,1816.5065544512813,312.7120619806915
0.4%,511.4333088834966,1237.3275445995791,1748.7608534830756,303.39714117884813
0.4%,562.4081954861787,1217.4909588198088,1779.8991543059874,298.53313936898064
0.4%,536.3344425733354,1215.2457772657806,1751.5802198391161,297.9826128185189
0.4%,515.8146459726191,1270.3824769714818,1786.197122944101,311.5023288692595
0.4%,579.6317485796944,1188.0356438851106,1767.667392464805,291.3105907538505
0.4%,584.4180645094359,1244.354073996467,1828.7721385059028,305.1200713283704
0.4%,593.6110724293039,1214.617727376519,1808.228799805823,297.8286127384663
0.4%,605.45316017609,1268.6207728366217,1874.0739330127117,311.07035271189324
0.4%,534.264271688326,1326.5906757390876,1860.8549474274137,325.2847803238764
0.4%,529.0626978342762,1187.5548106043796,1716.6175084386557,291.19268871296066
0.4%,519.4841096827199,1239.4150343359483,1758.8991440186683,303.9090011313877
0.4%,625.806547992591,1274.0317269661796,1899.8382749587706,312.3971380252268
0.4%,549.4887498508361,1184.4647289964657,1733.953478847302,290.4349896461758
0.4%,618.2268489961132,1261.7398867817371,1879.9667357778503,309.3831348309522
0.4%,478.9204282100386,1240.5015950822358,1719.4220232922744,304.17542971416646
0.4%,429.2734511148925,1227.1608281720846,1656.434279286977,300.90422593361603
0.4%,515.7408362916153,1270.930517733911,1786.6713540255264,311.6367104251347
0.4%,509.34884834277045,1218.720414978025,1728.0692633207955,298.83460641805385
0.4%,426.9523113620096,1221.967182353872,1648.9194937158816,299.6307253957685
0.4%,513.29031993128,1294.488301773413,1807.778621704693,317.41316336299167
0.4%,597.2706706523786,1191.614567098131,1788.8852377505095,292.1881555313164
0.4%,514.0722971150605,1248.9776117985036,1763.0499089135642,306.2537793407659
0.4%,506.5291279568821,1201.8072987329301,1708.3364266898122,294.6874497984638
0.4%,526.6624500787166,1226.6475324605858,1753.3099825393024,300.77836398854924
0.4%,579.2248925285176,1308.8730224059423,1888.0979149344598,320.9403483316073
0.4%,527.7757339908876,1268.9471010766194,1796.722835067507,311.1503695639656
0.4%,554.5362259629198,1275.3387113918475,1829.8749373547673,312.71761528288073
0.4%,542.7722558144212,1144.4311080857638,1687.203363900185,280.6186025558234
0.4%,479.4188584530709,1185.5901419578668,1665.0090004109377,290.7109449311163
0.4%,534.0501993704686,1145.12141915317,1679.1716185236387,280.78786929953185
0.4%,461.7823469042371,1152.68995571254,1614.4723026167771,282.6437015446336
0.4%,562.2794672208588,1299.5704322485958,1861.8498994694546,318.6593199397188
0.4%,589.9471529963313,1178.8581355831811,1768.8052885795123,289.0602328804616
0.4%,621.8327532509079,1124.8759308102938,1746.7086840612017,275.8236031181092
0.4%,479.24893654557684,1187.5010349888375,1666.7499715344143,291.17950273961696
0.4%,575.1920435617874,1208.8433745364275,1784.035418098215,296.41272076104434
0.4%,502.9585111592577,1225.2213010740131,1728.1798122332707,300.4286469494076
0.4%,457.8346224348729,1190.269417316866,1648.104039751739,291.85831999191186
0.4%,446.5525488472947,1255.6930372398217,1702.2455860871164,307.90042568723106
0.4%,592.7272035410091,1283.8810127515055,1876.6082162925145,314.8122181412105
0.4%,509.5486547991891,1289.0319901586543,1798.5806449578433,316.0752562319947
0.4%,612.5996513315781,1219.5856473012718,1832.18529863285,299.04676447957473
0.4%,449.2420317443376,1269.7663826965425,1719.0084144408802,311.35126034861673
0.4%,523.7293546020878,1335.3597548024138,1859.0891094045016,327.4349898865719
0.4%,449.9157455183338,1244.6784542118705,1694.5941997302043,305.1996105178421
0.4%,537.184455431036,1175.6100319389323,1712.7944873699682,288.2637862449536
0.4%,469.7551108035851,1196.6968980295603,1666.4520088331456,293.4343612606324
0.4%,507.76104936841693,1220.8740449406596,1728.6350943090765,299.362684190728
0.4%,423.7967740792187,1186.149431251378,1609.9462053305967,290.84808466706073
0.4%,581.8568396011691,1160.0727367629486,1741.9295763641176,284.453985874292
0.4%,430.2674832719342,1214.87930626431,1645.1467895362441,297.89275281769983
0.4%,353.8138670375158,1258.7178865633653,1612.531753600881,308.64212956448284
0.4%,372.0046615132892,1246.1754772380216,1618.1801387513108,305.5666859203056
0.4%,521.301465144235,1301.7948668546492,1823.0963319988841,319.20475926430305
0.4%,533.4156845704805,1260.894869703229,1794.3105542737094,309.17593361977276
0.4%,507.4167711195005,1319.1448909202386,1826.561662039739,323.4590472447646
0.4%,466.599327571416,1332.6526731145495,1799.2520006859654,326.7712037705831
0.4%,456.855386288348,1333.9737151093127,1790.8291013976607,327.09512799447816
0.4%,526.2984161137105,1263.0931455231298,1789.3915616368404,309.7149587163945
0.4%,625.5170867564551,1233.816805498845,1859.3338922553003,302.53629538968227
0.4%,487.59433199340765,1222.8644795915,1710.4588115849076,299.8507458890261
0.4%,520.2887077987343,1151.4012645163402,1671.6899723150746,282.3277098522997
0.4%,536.9885784570429,1222.2989950447816,1759.2875735018245,299.71208705482815
0.4%,519.9263249015635,1191.0413348728432,1710.9676597744067,292.04759693861155
0.4%,524.6577605461699,1246.491517133288,1771.149277679458,305.6441800334374
0.4%,393.3474371487006,1283.4394146806628,1676.7868518293635,314.7039367141716
0.4%,471.55490368334426,1217.6336440760508,1689.188547759395,298.5681263043488
0.4%,555.7477572250277,1156.8255621140277,1712.5733193390554,283.6577670317624
0.4%,524.1484418750046,1319.3206255065693,1843.469067381574,323.50213799412336
0.4%,580.2395469276414,1239.0488592040242,1819.2884061316656,303.8192136788401
0.4%,548.1898781894791,1228.0118784794913,1776.2017566689706,301.1129065141087
0.4%,534.7659816200285,1329.033544879194,1863.7995264992226,325.8837805777843
0.4%,558.9094381994566,1211.3635651749876,1770.2730033744442,297.0306805230347
0.4%,513.0749232041223,1277.4934294542484,1790.5683526583707,313.2459598615108
0.4%,413.82271501806315,1219.338525142347,1633.1612401604102,298.98616924198626
0.4%,491.3257181307664,1152.7321821237592,1644.0579002545255,282.6540556117535
0.4%,427.42466337561655,1237.9669125247894,1665.391575900406,303.5539164818121
0.4%,321.87204093581227,1309.9583135758446,1631.8303545116569,321.20646560971386
0.4%,398.2375229940235,1112.056449023021,1510.2939720170446,272.6802203148827
0.4%,316.4031046921027,1242.7034657775162,1559.1065704696189,304.7153362870939
0.4%,388.2406720249287,1166.9984401392878,1555.2391121642165,286.1521931228133
0.4%,354.4276096282904,1202.2484112757845,1556.676020904075,294.7956121723027
0.4%,536.8015864717282,1196.284070731391,1733.0856572031194,293.3331345299968
0.4%,557.0539691190507,1187.455128554605,1744.5090976736556,291.16824631768674
0.4%,437.6881987599236,1300.7182930425797,1738.4064918025033,318.94077951352847
0.4%,537.8134718996192,1213.1636877089295,1750.9771596085488,297.47207700931943
0.4%,567.9922567029139,1267.2539004793255,1835.2461571822394,310.73519071912096
0.4%,647.2201348004442,1138.5394482657664,1785.7595830662106,279.1739464871961
0.4%,497.2901310123891,1247.511146602026,1744.801277614415,305.8941968274763
0.4%,500.0611051045612,1253.7260616856006,1753.7871667901618,307.4181162433623
0.4%,550.1958561613644,1259.2028348191693,1809.3986909805337,308.7610406119842
0.4%,494.9347518000061,1287.3353648023933,1782.2701166023994,315.65923762399734
0.4%,507.7369031456433,1247.2076180109207,1754.944521156564,305.8197705308911
0.4%,469.36869300372723,1283.8089997051136,1753.1776927088408,314.7945602845675
0.4%,502.787563744714,1265.1858493188945,1767.9734130636084,310.22809717495403
0.4%,615.1245076582692,1211.6996687758765,1826.8241764341456,297.1130943285744
0.4%,472.91755074175467,1174.5865044447364,1647.504055186491,288.0128136411251
0.4%,529.0702566927134,1217.3595085835695,1746.429765276283,298.5009073007168
0.4%,483.9753819888509,1291.461434794841,1775.436816783692,316.6709647495076
0.4%,517.1308888915296,1337.9280492350654,1855.058938126595,328.06474487099206
0.4%,455.1271828710012,1222.7272943406876,1677.8544772116888,299.8171075746686
0.4%,467.87595757595625,1253.1841237093179,1721.060081285274,307.28523111248643
0.4%,389.88668153708113,1221.254247464507,1611.1409290015881,299.45591120996613
0.4%,438.6061463889517,1258.8782691296278,1697.4844155185795,308.68145594359027
0.4%,411.46183356448046,1278.7764812781468,1690.2383148426272,313.5605687595783
0.4%,557.3284369333942,1206.5510668025054,1763.8795037358996,295.85063870265196
0.4%,472.21340219393096,1301.0323669499112,1773.2457691438422,319.0177915593842
0.4%,678.1121726417978,1275.3485068382759,1953.4606794800736,312.72001716139374
0.4%,505.74623543950474,1192.1587182109288,1697.9049536504335,292.3215833311845
0.4%,544.2205642237685,1277.6351559204554,1821.855720144224,313.2807116981318
0.4%,504.0753868838706,1253.6210044192965,1757.696391303167,307.3923558257624
0.4%,456.3823183748028,1265.6507870387863,1722.033105413589,310.3421015674507
0.4%,585.2067724123385,1199.2872368199048,1784.4940092322433,294.0695216004352
0.4%,498.0765070583759,1231.7137473826272,1729.790254441003,302.0206180146991
0.4%,562.2829867733476,1267.2331554019968,1829.5161421753444,310.7301039519327
0.4%,493.6930946800994,1327.6605318373745,1821.353626517474,325.54711286719504
0.4%,493.4572259415895,1210.9107500256991,1704.3679759672887,296.9196486282254
0.4%,427.21942320086555,1183.8201164673278,1611.0395396681934,290.27692834756317
0.4%,455.63454897440454,1162.96304617477,1618.5975951491746,285.1627000837964
0.4%,559.8666388646848,1106.7318641114093,1666.598502976094,271.3746130428246
0.4%,531.9215802366006,1301.6582401023782,1833.5798203389786,319.17125789578625
0.4%,546.2454278119087,1292.3135249533702,1838.558952765279,316.87990030521615
0.4%,499.94521355744246,1292.5138529827866,1792.459066540229,316.92902145481656
0.4%,437.54982232032035,1253.36984049211,1690.9196628124303,307.33076953213447
0.4%,403.7868984880015,1165.034295417935,1568.8211939059365,285.6705778092927
0.4%,448.98674784750403,1156.776915495941,1605.763663343445,283.6458387069466
0.4%,495.34243640018735,1284.1192313676484,1779.4616677678357,314.87063019825126
0.4%,454.69835369766906,1260.4135803001586,1715.1119339978277,309.05791973605335
0.4%,457.52042990266455,1257.159919414487,1714.6803493171515,308.2601104450643
0.4%,565.2746196611185,1307.551412836907,1872.8260324980256,320.61628493647
0.4%,502.5550187610304,1144.8269931858363,1647.3820119468667,280.7156749988652
0.4%,575.990281462924,1220.1101715527386,1796.1004530156627,299.17537970281825
0.4%,645.0638252110092,1250.6895669033247,1895.753392114334,306.6735568579611
0.4%,653.7568372893746,1333.636409677547,1987.3932469669217,327.01241949570715
0.4%,638.6805630284688,1348.9047172410546,1987.5852802695235,330.75626314133353
0.4%,641.5294200889512,1279.8773200016437,1921.406740090595,313.83049835345645
0.4%,588.5448969254553,1401.6810441972461,1990.2259411227014,343.6972073483184
0.4%,565.3814170888368,1244.3213732978109,1809.7027903866476,305.1120530000546
0.4%,586.9659342598393,1277.9465329343311,1864.9124671941704,313.35706245606247
0.4%,531.4938953615882,1317.0224392909543,1848.5163346525424,322.9386145109862
0.4%,596.0179720350354,1321.8442924234098,1917.8622644584452,324.1209501519864
0.4%,635.7691127506358,1284.6816639127774,1920.4507766634133,315.00854067073925
0.4%,608.2942073641607,1312.3194044116515,1920.6136117758122,321.785413530799
0.4%,559.7410867180968,1343.605480057674,1903.3465667757707,329.4568712229336
0.4%,599.6664538789382,1261.1824916222165,1860.8489455011547,309.24645954343947
0.4%,483.8014068017428,1320.6289522765867,1804.4303590783295,323.8229443994147
0.4%,516.2631766749416,1316.788226167663,1833.0514028426046,322.88118461512454
0.4%,531.5287042105917,1261.5982093760435,1793.1269135866353,309.3483950241446
0.4%,485.6085966120345,1258.091319753004,1743.6999163650385,308.4884931406831
0.4%,531.8894426020931,1189.352791669227,1721.24223427132,291.6335601033611
0.4%,492.1120717844923,1242.2716947833057,1734.383766567798,304.60946449440723
0.4%,491.09720647427525,1137.5907708985585,1628.6879773728338,278.94132740232385
0.4%,485.02034928506373,1141.5174601593765,1626.5378094444402,279.9041656590406
0.4%,420.14266597478866,1197.6971706747797,1617.8398366495685,293.6796316922845
0.4%,431.388063381144,1184.7377751815739,1616.125838562718,290.50194154774226
0.4%,345.5278470916579,1104.0329853829637,1449.5608324746217,270.712838321836
0.4%,468.4234452606511,1169.6792120582343,1638.1026573188853,286.8095279893252
0.4%,486.5758728580664,1220.9972738696877,1707.5731467277542,299.39290036504724
0.4%,376.22582622747757,1274.2740728739116,1650.499899101389,312.45656210893304
0.4%,444.28656815826395,1253.9131736792515,1698.1997418375154,307.46399677370505
0.4%,488.40118183135496,1279.826174184644,1768.227356015999,313.81795721612485
0.4%,464.40269329942544,1268.8945690402877,1733.2972623397131,311.13748852069386
0.4%,407.2240459296115,1227.6393423788536,1634.8633883084651,301.0215593292725
0.5%,548.1538578432119,1152.5740903679011,1700.727948211113,282.61529094755394
0.5%,379.0063533887078,1219.024975454254,1598.0313288429618,298.90928573656356
0.5%,490.20699555251815,1235.3818899653852,1725.5888855179032,302.92005970085773
0.5%,458.97311563330595,1202.011979905177,1660.985095538483,294.73763835426206
0.5%,563.8329024047375,1148.3796795676767,1712.2125819724142,281.58680641144866
0.5%,502.1812002457268,1231.9235339070976,1734.1047341528244,302.0720584211299
0.5%,469.3350307295178,1254.1541896451522,1723.48922037467,307.5230947509156
0.5%,422.2847539766826,1244.3193077012104,1666.604061677893,305.1115465083772
0.5%,470.3283761610335,1224.6598294670807,1694.9882056281142,300.29097210240377
0.5%,558.502287712636,1203.2878800660012,1761.7901677786372,295.05049363895466
0.5%,517.2067234375816,1397.0253347507232,1914.2320581883048,342.55561073358245
0.5%,470.50544720623475,1237.2473205494866,1707.7527677557214,303.3774699547183
0.5%,334.75683502339314,1242.98129894496,1577.738133968353,304.7834619738573
0.5%,427.2154243340177,1143.7035464790126,1570.9189708130302,280.4402018465825
0.5%,533.8341029259545,1196.017875672378,1729.8519785983326,293.2678625490626
0.5%,399.5588589204983,1176.3161165122394,1575.8749754327378,288.4369207087477
0.5%,365.8742621356686,1295.9429667013233,1661.817228836992,317.76985240820636
0.5%,444.16829816533755,1216.3055321460454,1660.473830311383,298.24246850703565
0.5%,437.8538044267066,1080.6596040381996,1518.5134084649062,264.9816015845343
0.5%,371.82207200688777,1291.5505229886885,1663.3725949955763,316.6928094934027
0.5%,435.2232441349727,1142.243119967205,1577.4663641021777,280.0821000403808
0.5%,480.331142374052,1151.9790844375486,1632.3102268116006,282.4693933644594
0.5%,366.92166724390177,1097.5014655914379,1464.4231328353396,269.111286298727
0.5%,311.84940525331564,1302.911258276285,1614.7606635296006,319.4785024354134
0.5%,440.64175912905466,1189.8933045667336,1630.5350636957883,291.7660957998221
0.5%,414.3760780236913,1275.6802515258541,1690.0563295495454,312.80136214579323
0.5%,509.22313203175656,1179.25268663407,1688.4758186658264,289.1569782098704
0.5%,403.58217307414407,1218.5588446540085,1622.1410177281525,298.7949887964953
0.5%,535.9321454593883,1202.007137679053,1737.9392831384412,294.7364510230906
0.5%,528.7945825870304,1144.4202125260638,1673.2147951130942,280.61593092559986
0.5%,547.4730871032684,1210.424470922947,1757.8975580262154,296.80041125229053
0.5%,540.3467297615016,1173.5053960976281,1713.8521258591297,287.74772200613415
0.5%,578.1185306705423,1269.8102725773558,1847.928803247898,311.36202230443314
0.5%,445.04683566600545,1185.1564156408692,1630.2032513068748,290.6045936862859
0.5%,497.7103900762136,1223.7698644148795,1721.480254491093,300.0727494872479
0.5%,705.5945909472937,1193.1822165603664,1898.7768075076601,292.5725487886141
0.5%,605.7941429565535,1427.235160319525,2033.0293032760785,349.96316805588566
0.5%,689.3845142386012,1296.1278637173523,1985.5123779559535,317.815189818111
0.5%,622.2831043104719,1249.4141481951995,1871.6972525056713,306.360819627193
0.5%,662.8186066900936,1288.0548856331322,1950.873492323226,315.8356667061895
0.5%,551.9982164966591,1307.067994825314,1859.066211321973,320.4977491103245
0.5%,626.5255874806821,1251.4702936270191,1877.9958811077013,306.86499384410484
0.5%,590.9908023719521,1252.8094798645154,1843.8002822364674,307.1933671012394
0.5%,602.5485748856462,1295.0090650058933,1897.5576398915396,317.5408563709225
0.5%,553.0668151314658,1205.204056710315,1758.2708718417807,295.5203470083522
0.5%,573.2474692459996,1362.0170441944438,1935.2645134404434,333.971452627112
0.5%,474.70953560226144,1274.7132699219035,1749.422805524165,312.56425479657787
0.5%,568.5948787948098,1228.8457274852476,1797.4406062800574,301.31736927388926
0.5%,510.8324300626947,1275.1941452869662,1786.026575349661,312.6821671566964
0.5%,525.5733111417494,1209.961731746634,1735.5350428883835,296.68694595054603
0.5%,591.3193765128974,1230.3049431893726,1821.62431970227,301.67517418571475
0.5%,597.0295871775795,1258.9762088403445,1856.005796017924,308.705471111093
0.5%,583.3222809053543,1239.967479617196,1823.2897605225503,304.0444626910368
0.5%,526.1482916714197,1292.961216720967,1819.1095083923867,317.0387166441166
0.5%,584.5421967854858,1288.545363742883,1873.0875605283686,315.9559336936648
0.5%,505.6716871725032,1213.0714965476543,1718.7431837201575,297.4494714067085
0.5%,634.7252630461971,1277.1071825312522,1911.8324455774493,313.1512507339741
0.5%,533.3423262400133,1350.8193200328014,1884.1616462728148,331.22573059645026
0.5%,566.7523266161324,1330.8180568103242,1897.5703834264566,326.3213492884038
0.5%,676.9992815313321,1214.1577958093526,1891.1570773406847,297.7158358725303
0.5%,676.7679418708002,1332.196780683914,2008.9647225547142,326.65941731537686
0.5%,692.714652306805,1267.287833241793,1960.0024855485979,310.74351115389175
0.5%,832.8584363156306,1194.609115026759,2027.4675513423895,292.92242939811433
0.5%,875.6551281566849,1251.06937796424,2126.724506120925,306.7666878890876
0.5%,700.7390517194664,1339.2831893273708,2040.0222410468373,328.3970300704098
0.5%,585.4323608880649,1219.019471689914,1804.451832577979,298.9079361938546
0.5%,588.8441084346439,1210.7887346817163,1799.6328431163602,296.8897300293015
0.5%,627.6267517066956,1308.4031463644508,1936.0298980711464,320.82513304498485
0.5%,670.0104457823343,1294.9928207352793,1965.0032665176136,317.5368732176448
0.5%,639.9053112574361,1128.5495130609481,1768.4548243183842,276.7243786302996
0.5%,527.0563307741451,1233.3380547656343,1760.3943855397793,302.4189039968959
0.5%,680.4468146677974,1241.3718093521431,1921.8186240199407,304.3888093668342
0.5%,595.6508329213007,1319.3993441834136,1915.0501771047143,323.5214400953464
0.5%,611.8004561547446,1182.8201853821474,1794.620641536892,290.0317416676548
0.5%,477.71059973483534,1218.3133127843753,1696.0239125192106,298.73478350353133
0.5%,510.40460305934187,1162.6732032164425,1673.0778062757845,285.0916295533364
0.5%,479.06696031764244,1189.4589383325833,1668.5258986502258,291.6595876450162
0.5%,422.8260672166207,1185.4791849168043,1608.305252133425,290.6837378676358
0.5%,537.4859798204211,1160.0018761059378,1697.4878559263589,284.43661058764866
0.5%,625.3477709728049,1149.262156301887,1774.609927274692,281.80319286423946
0.5%,663.9629766077793,1176.0994884945092,1840.0624651022886,288.3838027436903
0.5%,603.0989696482009,1312.7476410069778,1915.8466106551787,321.890418676233
0.5%,669.429474785248,1178.8857636058044,1848.3152383910524,289.06700737046384
0.5%,637.6021062692371,1309.9572083359233,1947.5593146051604,321.2061946009305
0.5%,614.9346405514804,1359.3321923481885,1974.2668328996688,333.31311734782565
0.5%,694.7308079505004,1183.2406582907126,1877.971466241213,290.1348431293159
0.5%,628.7430931281988,1166.431101763759,1795.1741948919578,286.0130797231579
0.5%,560.5856771075916,1241.037290793014,1801.6229679006055,304.3067842192054
0.5%,606.9199614501151,1207.3135550105396,1814.2335164606548,296.0376035394972
0.5%,506.75664542311176,1277.7123061210334,1784.468951544145,313.29962920336226
0.5%,661.1109659331626,1239.9375566357685,1901.048522568931,304.03712546892433
0.5%,571.4174793258596,1349.7286836675391,1921.1461629933988,330.9583026573161
0.5%,606.4496208314791,1234.9039059431607,1841.3535267746397,302.80285630834857
0.5%,476.73920988929785,1219.4529871896068,1696.1921970789047,299.0142357455275
0.5%,517.917934376099,1162.1773495971215,1680.0952839732204,284.97004447168064
0.5%,577.1422158397111,1193.3919789987049,1770.534194838416,292.6239832890391
0.5%,445.22486776551295,1312.9794649452604,1758.2043327107733,321.94726273538186
0.5%,457.89774382598307,1253.0824361853633,1710.9801800113464,307.2602969677678
0.5%,517.6861090308294,1204.3635498676576,1722.049658898487,295.3142517231413
0.5%,472.7080903519395,1107.73276749699,1580.4408578489295,271.62003813427003
0.5%,497.9652984777034,1273.1342372220022,1771.0995356997055,312.17707032867446
0.5%,469.137926236092,1267.0730737997612,1736.2110000358532,310.6908513702815
0.5%,398.39369713147664,1337.8839284460294,1736.2776255775061,328.0539262956533
0.5%,496.8076258168404,1268.2204994809472,1765.0281252977875,310.9722042528763
0.5%,533.2928501172726,1251.9128982540217,1785.2057483712942,306.9735220823157
0.5%,571.3895404273837,1263.6145877353301,1835.0041281627139,309.8428182125821
0.5%,552.3611777245223,1215.2372670271698,1767.598444751692,297.9805260775613
0.5%,444.6250677399589,1298.6154027618757,1743.2404705018346,318.42514329241385
0.5%,571.3146242952844,1270.8199352370718,1842.1345595323562,311.60959520123794
0.5%,464.0085200701201,1228.146253834062,1692.154773904182,301.14585583185374
0.5%,471.8181846931667,1226.7991522722987,1698.6173369654653,300.8155417088873
0.5%,412.9199224495969,1214.2979628811465,1627.2178853307435,297.75020534006165
0.5%,573.0692803045295,1138.3349702464056,1711.404250550935,279.1238077452124
0.5%,539.6554040496976,1267.0798077513425,1806.7352118010401,310.6925025593038
0.5%,542.1203364264823,1240.3336861463895,1782.4540225728717,304.1342578423072
0.5%,566.7514468576246,1261.62507200211,1828.3765188597347,309.35498183617244
0.5%,615.4529731949151,1195.5660341482092,1811.0190073431243,293.15706939061636
0.5%,591.2039509264217,1279.6123054061156,1870.8162563325373,313.7655158263925
0.5%,618.4365245937072,1188.5098905963828,1806.94641519009,291.4268777443417
0.5%,444.3109048927839,1224.784407345521,1669.0953122383048,300.32151904394556
0.5%,399.25916848219913,1219.7011410404507,1618.9603095226498,299.075083957666
0.5%,544.6481116547309,1189.8463549110268,1734.4944665657576,291.75458357625365
0.5%,440.82447748744084,1227.5165323796182,1668.341009867059,300.9914458780374
0.5%,558.3070082088384,1199.7223607185385,1758.029368927377,294.1762155372834
0.5%,467.67796142923726,1282.6717028319752,1750.3496642612124,314.5156910219476
0.5%,535.011125496761,1238.1409729078346,1773.1520984045956,303.5965967105348
0.5%,538.6976963880606,1264.0131953338816,1802.7108917219423,309.9405582219923
0.5%,441.32032579296094,1354.46773021584,1795.788056008801,332.1203338275938
0.5%,509.9200616752746,1257.6302776458372,1767.5503393211118,308.3754439663655
0.5%,497.8357062589214,1315.8491097772155,1813.684816036137,322.65090991596384
0.5%,492.57726349675966,1201.130284924337,1693.7075484210968,294.52144359019485
0.5%,492.2638489036017,1116.273071710918,1608.5369206145197,273.7141512853209
0.5%,402.2670834766941,1280.82204298435,1683.089126461044,314.0621478090998
0.5%,466.7080170849306,1144.3890402627908,1611.0970573477214,280.60828737510883
0.5%,378.02691413051593,1221.86243671932,1599.8893508498359,299.6050413913892
0.5%,498.47338569019144,1206.276321363685,1704.7497070538764,295.7832701379951
0.5%,492.80807354748686,1278.0398225707368,1770.8478961182236,313.3799374087059
0.5%,407.0035540463357,1237.842898560466,1644.8464526068017,303.52350781402953
0.5%,378.1345672674022,1253.0762701491883,1631.2108374165905,307.2587850336352
0.5%,484.2459847228397,1151.6429961123874,1635.8889808352271,282.3869833045827
0.5%,383.415543769911,1266.7493131283193,1650.1648568982303,310.61146409520603
0.5%,456.76521062483494,1306.660132562378,1763.425343187213,320.3977398240934
0.5%,425.29161257555484,1294.7796067089164,1720.0712192844712,317.4845923754862
0.5%,531.270724779768,1273.9036377027062,1805.1743624824742,312.36573007951097
0.5%,585.1732223834854,1257.2449501436924,1842.4181725271778,308.2809602841113
0.5%,453.8974989731647,1294.857224789725,1748.7547237628896,317.5036246066233
0.5%,459.219160914324,1306.0175525528468,1765.2367134671708,320.24017690656086
0.5%,452.14091063922933,1270.0951122467018,1722.236022885931,311.4318660105327
0.5%,501.2930645481305,1221.9620177274603,1723.2550822755907,299.62945901089296
0.5%,445.632016698518,1264.9054778100262,1710.5374945085441,310.15934907779103
0.5%,356.89192855269516,1257.6098377490937,1614.5017663017888,308.3704320305486
0.5%,437.32170438032233,1213.6029917711228,1650.924696151445,297.5797959372294
0.5%,380.7774411583739,1209.8828952855981,1590.660336443972,296.6676149682177
0.5%,238.87236575885686,1185.6744392134224,1424.5468049722792,290.7316149197999
0.5%,312.9031816274269,1146.503668854395,1459.406850481822,281.12680187205666
0.5%,283.85165473463803,1219.5870243779132,1503.4386791125512,299.04710214369453
0.5%,340.45489239430253,1270.640638557767,1611.0955309520696,311.5656310139366
0.5%,396.7814723894574,1208.5152062329664,1605.2966786224238,296.33225271882696
0.5%,352.7406013023791,1255.3236105572626,1608.0642118596415,307.8098409428335
0.5%,447.6178965979052,1194.5227371869667,1642.1406337848719,292.90124924273147
0.5%,464.83841148526346,1165.2290418933185,1630.0674533785818,285.718330341873
0.5%,412.7947516731882,1202.9256646952683,1615.7204163684564,294.96167713401945
0.5%,369.96966716320253,1187.536255956504,1557.5059231197065,291.1881390469118
0.5%,303.61604995871517,1269.795115085462,1573.411165044177,311.3583056331862
0.5%,335.5924677167043,1276.7295622078043,1612.3220299245086,313.0586568795132
0.5%,412.92928072990253,1196.7554550841621,1609.6847358140647,293.44871965994196
0.5%,296.3260054443408,1262.6161633437735,1558.9421687881143,309.59800097934124
0.5%,366.1816385833784,1212.310838595386,1578.4924771787644,297.2629553551258
0.5%,291.22912964595196,1199.268771916126,1490.497901562078,294.06499393995995
0.5%,356.35053572836864,1257.5583048153246,1613.9088405436933,308.35779597080005
0.5%,342.9203926903898,1209.1210921321147,1552.0414848225046,296.4808181091995
0.5%,445.7315622751594,1198.3527237774142,1644.0842860525736,293.8403756586645
0.5%,386.56728464432194,1179.6508145241344,1566.2180991684563,289.25460059304316
0.5%,403.7052107996145,1221.7175952155153,1625.42280601513,299.5695257364035
0.5%,324.1808655220286,1203.8958164202022,1528.0766819422308,295.19956180824283
0.5%,377.05117410833645,1223.2182901413219,1600.2694642496583,299.93750150180085
0.5%,505.6620284128303,1280.5696653192626,1786.231693732093,314.00026390259575
0.5%,551.1608137578935,1245.204399549084,1796.3652133069775,305.3285741963954
0.5%,531.185261697166,1269.7098022964976,1800.8950639936636,311.33738663207714
0.5%,457.53142087791457,1225.085421146509,1682.6168420244235,300.39532870499585
0.5%,502.00604161853266,1257.375610279013,1759.3816518975457,308.3129986168028
0.5%,407.1493291191775,1302.2635139992792,1709.4128431184567,319.31967322101804
0.5%,524.4809638319571,1261.376545286082,1785.8575091180392,309.2940421961567
0.5%,525.3069798094766,1292.4659539946797,1817.7729338041563,316.91727645154685
0.5%,517.4169147763921,1389.435366056098,1906.8522808324901,340.69452325223045
0.5%,621.2648863182819,1308.6845074666212,1929.9493937849031,320.8941237939664
0.5%,466.1519433705291,1233.9753065001512,1700.1272498706803,302.57516040233
0.5%,657.1551583029892,1230.5069504712899,1887.6621087742792,301.7247070940369
0.5%,616.3593450826105,1312.3861298074219,1928.7454748900323,321.80177483659
0.5%,492.48707100932006,1344.2837032173,1836.77077422662,329.62317396840297
0.5%,547.3564677782924,1193.923202861508,1741.2796706398003,292.754241280954
0.5%,531.4918956095585,1269.654183567403,1801.1460791769614,311.3237487206955
0.5%,530.5240580714437,1227.4074481434966,1757.9315062149403,300.9646980330295
0.5%,551.3227099319986,1214.2192726516657,1765.5419825836643,297.73091021423386
0.5%,515.7763800831093,1335.9790545791384,1851.7554346622478,327.5868444077219
0.5%,531.8839553922537,1159.2881079824301,1691.1720633746838,284.26159208985314
0.5%,438.85898979950866,1325.2506031427604,1764.109592942269,324.95618972838514
0.5%,518.1749163008672,1216.80663383956,1734.981550140427,298.36534043526177
0.5%,588.412011231043,1232.7382234485628,1821.150234679606,302.27182321171233
0.5%,519.9669622587127,1318.4284420343738,1838.3954042930864,323.2833714144472
0.5%,641.4417319944431,1244.5723570750974,1886.0140890695407,305.1735951202824
0.5%,619.439749011774,1227.6417400776745,1847.0814890894485,301.0221472536026
0.5%,451.16696950195853,1377.000217837445,1828.1671873394034,337.6453804152014
0.5%,549.1294277523715,1307.9986097884848,1857.1280375408564,320.7259392290983
0.5%,533.4893906578222,1301.501794946562,1834.9911856043843,319.1328969838086
0.5%,543.3607281111717,1184.307313724969,1727.6680418361407,290.39639085836205
0.5%,447.76215881293183,1354.1619780565838,1801.9241368695157,332.045362304142
0.5%,499.65820447145734,1179.6754459823576,1679.333650453815,289.26064031473254
0.5%,419.52489811124656,1216.5737418931444,1636.098640004391,298.3082344966973
0.5%,465.9468492998984,1156.8185704944249,1622.7654197943234,283.6560526616193
0.5%,537.0076235983636,1259.5537336112995,1796.5613572096631,308.84708225135455
0.5%,597.3832730784234,1317.3289538245476,1914.712226902971,323.01377297135343
0.5%,584.31620238912,1320.2469835107959,1904.5631858999159,323.72928429133236
0.5%,577.364457179564,1251.7009847918116,1829.0654419713755,306.9215601431409
0.5%,466.53632722113844,1343.0105247914883,1809.5468520126267,329.310986062874
0.5%,531.5540001115867,1324.8483946208516,1856.4023947324383,324.8575667596834
0.5%,519.5803100898893,1239.0725213441374,1758.6528314340267,303.8250157202606
0.5%,590.4745296204478,1243.0407895022267,1833.5153191226746,304.79804927136047
0.5%,397.474682644729,1373.849829142724,1771.324511787453,336.87289383494846
0.5%,405.9864375520442,1299.410527845927,1705.3969653979711,318.6201108080354
0.5%,452.11590793946584,1184.936158632314,1637.0520665717797,290.55058587969336
0.5%,595.8514155070769,1322.797645557791,1918.649061064868,324.3547157516997
0.5%,597.9078417454099,1252.2024954543929,1850.1103371998029,307.04453235204545
0.5%,546.6451812836389,1253.2278549423763,1799.8730362260153,307.2959541673057
0.5%,567.7065421089842,1241.1801524178798,1808.886694526864,304.3418144007911
0.5%,566.1126982008718,1138.205466871011,1704.3181650718827,279.0920530541936
0.5%,540.7287215351082,1216.3923352305355,1757.1210567656437,298.2637529339401
0.5%,496.5431382899744,1094.0196981640931,1590.5628364540676,268.2575444675388
0.5%,543.7927292146962,1199.5700351171126,1743.3627643318089,294.1388647547823
0.5%,582.7221671850247,1287.735922497706,1870.4580896827306,315.757455804111
0.5%,542.2998984952019,1255.8287173092283,1798.1286158044302,307.9336949257222
0.5%,495.6335734775039,1260.4380514216166,1756.0716248991205,309.0639201425942
0.5%,541.3469464602207,1120.6482041696775,1661.995150629898,274.7869494187335
0.5%,612.2019475162508,1165.7002573052298,1777.9022048214806,285.8338740469148
0.5%,456.4544888132642,1221.9112672939284,1678.3657561071927,299.6170148230024
0.5%,530.060623662329,1235.9459772546436,1766.0066009169727,303.058375922527
0.5%,488.941130410912,1299.4144878753423,1788.3556182862544,318.6210818214173
0.5%,509.5549055855372,1258.453467027716,1768.0083726132532,308.5772929482303
0.5%,499.1778264160607,1239.7187611893146,1738.8965876053753,303.9834760425887
0.5%,461.87118188763566,1268.5824835151682,1730.4536654028038,311.06096403327103
0.5%,477.83117776004826,1282.5031977877366,1760.334375547785,314.47437298217767
0.5%,470.9004923161606,1236.0232939250902,1706.9237862412508,303.07733424676485
0.5%,437.2712244120845,1206.5228503712067,1643.7940747832913,295.84371993273714
0.5%,442.4693700092944,1155.7450752133348,1598.2144452226291,283.39282777765607
0.5%,499.1756811581357,1238.581782490687,1737.7574636488225,303.7046847974972
0.5%,572.2968791748651,1327.4518022579932,1899.7486814328583,325.495931627482
0.5%,514.8845840065875,1277.8657511940132,1792.7503352006006,313.33725448429396
0.5%,497.2076564722156,1212.5017977644277,1709.7094542366433,297.3097792266399
0.5%,506.1209191781353,1208.5998164737127,1714.720735651848,296.3529994525992
0.5%,516.0209506526369,1199.8639195770777,1715.8848702297146,294.2109262759045
0.6%,381.6419207652097,1249.3744652467176,1631.0163860119274,306.35108922623687
0.6%,418.3465486642858,1323.1730908190953,1741.519639483381,324.44677627314053
0.6%,475.4475586929866,1281.5059838682746,1756.9535425612612,314.22985256102567
0.6%,530.7015126591521,1280.9725738844304,1811.6740865435825,314.09905852440943
0.6%,467.31702508909336,1225.0047101396713,1692.3217352287647,300.37553807732974
0.6%,501.20744954024883,1255.2469108430719,1756.4543603833208,307.7910338984771
0.6%,445.53719555587156,1186.5050137046633,1632.042209260535,290.9352747569048
0.6%,498.2592492065139,1183.4206826352722,1681.6799318417861,290.1789857427414
0.6%,419.9812163045026,1176.3083175122665,1596.289533816769,288.435008366049
0.6%,458.54565027825015,1305.2182310364008,1763.763881314651,320.0441804107009
0.6%,455.5608009452402,1244.2819656940162,1699.8427666392563,305.102390114601
0.6%,415.69793917157494,1306.81747243241,1722.515411603985,320.43632012319813
0.6%,599.7839657334775,1276.5678769147119,1876.3518426481894,313.0190110671258
0.6%,461.0700675922244,1334.4361633788087,1795.5062309710331,327.2085219648303
0.6%,519.5715561754364,1225.8239664500761,1745.3955226255125,300.57642265599645
0.6%,525.271307862893,1094.3712437629724,1619.6425516258655,268.34374470623834
0.6%,484.2086383565311,1243.843152263513,1728.0517906200441,304.99479149133697
0.6%,482.10232692531474,1282.6365000615306,1764.7388269868452,314.50705917667665
0.6%,568.2720739707868,1211.5693845633311,1779.841458534118,297.08114817349247
0.6%,532.4617807006142,1089.9017520277896,1622.3635327284037,267.2478093406228
0.6%,437.5292968085446,1210.2596007746395,1647.788897583184,296.7599845020088
0.6%,513.5465699310967,1084.7360277386667,1598.2825976697634,265.98115526161314
0.6%,498.88925349169904,1150.0898281691877,1648.9790816608868,282.0061409675685
0.6%,460.3285430245096,1296.9511751029133,1757.279718127423,318.01706871571525
0.6%,651.7726404669247,1123.6993400414322,1775.4719805083569,275.5350988516617
0.6%,531.24341407434,1264.5714610214288,1795.814875095769,310.0774469660919
0.6%,569.4409294980837,1186.4169605031682,1755.857890001252,290.91368379683774
0.6%,493.30390264861194,1322.375104579103,1815.679007227715,324.25110719184477
0.6%,515.5936397075737,1255.7024431960253,1771.2960829035992,307.90273206134736
0.6%,487.6761781307373,1255.8893737019823,1743.5655518327196,307.9485680902582
0.6%,460.2343193597703,1350.639965189127,1810.8742845488973,331.18175214703734
0.6%,491.61098557079754,1294.6454538595146,1786.2564394303122,317.4516976168048
0.6%,506.8925915437628,1274.3203425135061,1781.212934057269,312.46790759011753
0.6%,502.414765251104,1264.456713904825,1766.871479155929,310.0493105625275
0.6%,448.3426381932321,1234.8410171087692,1683.1836553020012,302.7874357411352
0.6%,490.44819760665064,1250.9210142580168,1741.3692118646675,306.7303085774662
0.6%,546.8935925815786,1165.5893554829422,1712.4829480645208,285.80668052327553
0.6%,511.11831545219195,1267.4054054971075,1778.5237209492993,310.77234029157654
0.6%,589.3987099882644,1246.9117521400462,1836.3104621283105,305.7472231607243
0.6%,486.15907061675057,1192.2705548087727,1678.4296254255232,292.34900606513486
0.6%,455.04193293259857,1267.2641701743303,1722.3061031069287,310.7377088850818
0.6%,514.3181807677695,1114.2940939221116,1628.6122746898811,273.228898850587
0.6%,494.7722395757214,1267.5647207471327,1762.336960322854,310.8114049609236
0.6%,503.56104890849997,1263.895666242509,1767.456715151009,309.91173966826057
0.6%,465.53926635269124,1283.861856824251,1749.4011231769423,314.80752103930644
0.6%,424.18546954864377,1293.4164772713766,1717.6019468200204,317.15034816003055
0.6%,503.5350973655068,1225.419830877698,1728.9549282432047,300.4773271676244
0.6%,532.9200582625348,1383.457148831661,1916.377207094196,339.2286429983262
0.6%,605.7000551606852,1243.751585441508,1849.4516406021933,304.9723389789489
0.6%,503.9620607653371,1308.3049601353218,1812.267020900659,320.80105743028537
0.6%,521.7201595060261,1240.2471267043054,1761.9672862103316,304.1130331573925
0.6%,495.00641845802147,1235.3885940699727,1730.3950125279941,302.9217035712903
0.6%,528.9115186603773,1141.3816350533962,1670.2931537137733,279.87086085706267
0.6%,597.1732751270182,1238.699405997698,1835.872681124716,303.7335265022813
0.6%,530.0297237321181,1323.2499212366872,1853.2796449688053,324.46561536643856
0.6%,510.846809518858,1259.4924147581569,1770.3392242770149,308.8320466491609
0.6%,494.5250106926767,1262.2642209786734,1756.78923167135,309.51170345214473
0.6%,527.7510936869849,1258.9828074839377,1786.7339011709225,308.7070891221124
0.6%,535.4152108131475,1295.1271852114173,1830.5423960245648,317.56981986795915
0.6%,467.7480625916444,1333.5748000427288,1801.3228626343732,326.9973125928062
0.6%,664.1588768515383,1182.5150386875996,1846.6739155391379,289.9569186063158
0.6%,546.6369154890426,1250.2078801342675,1796.8447956233101,306.5554455386799
0.6%,493.06115477767275,1199.2830661465437,1692.3442209242164,294.06849893640407
0.6%,525.691218990856,1231.8421008377923,1757.5333198286482,302.05209074116306
0.6%,503.2217321525652,1213.1413781798758,1716.363110332441,297.4666066329704
0.6%,503.64666944046485,1193.840369053069,1697.4870384935339,292.73393013473964
0.6%,444.04158473739744,1258.9201184654687,1702.9617032028661,308.69171755047824
0.6%,477.6973112254994,1301.1118471883601,1778.8091584138594,319.03728039823767
0.6%,541.2879943724917,1131.7465830443484,1673.03457741684,277.5083116295656
0.6%,486.26916303952794,1173.0456115437537,1659.3147745832816,287.6349811883834
0.6%,410.3925836217413,1119.1687184762268,1529.561302097968,274.42417423299787
0.6%,489.7515705535826,1220.2096962200426,1709.961266773625,299.19978350734726
0.6%,487.52997777174323,1240.9987528260817,1728.528730597825,304.2973345718221
0.6%,561.4278678164509,1304.6442278017337,1866.0720956181844,319.90343276373756
0.6%,475.2101657741134,1282.8947063872172,1758.1048721613306,314.570372291615
0.6%,572.1059468836532,1244.8364384798695,1816.9423853635226,305.2383488256339
0.6%,487.4273359647159,1188.756008733355,1676.1833446980709,291.48722679215496
0.6%,463.1505104136618,1224.652358209533,1687.8028686231949,300.2891401233204
0.6%,419.590586795627,1275.877756626781,1695.468343422408,312.84979110322735
0.6%,561.6764208486302,1241.7333686155037,1803.4097894641338,304.4774649918941
0.6%,394.8075288738946,1216.0930893599987,1610.9006182338933,298.1903767757621
0.6%,393.25164682813255,1326.7691117913917,1720.0207586195243,325.32853348235784
0.6%,439.6168828933603,1337.550272952322,1777.1671558456824,327.9721127747539
0.6%,426.1793105251711,1275.2153136001393,1701.3946241253104,312.6873577028281
0.6%,448.729903099373,1315.4521229220602,1764.182026021433,322.5535673186335
0.6%,475.26705250499674,1144.6417541536105,1619.9088066586073,280.67025372536546
0.6%,416.84201632955774,1221.6063244912982,1638.448340820856,299.54224175669117
0.6%,430.04591125101706,1302.5335592448798,1732.5794704958969,319.38588928147976
0.6%,397.62276496885124,1209.6257258224725,1607.2484907913238,296.6045560956893
0.6%,387.44312774629043,1178.7847282104499,1566.2278559567403,289.0422331300113
0.6%,438.7414697876302,1135.4019198956978,1574.143389683328,278.404613304563
0.6%,491.19274890594056,1260.8713750360757,1752.0641239420163,309.1701726433212
0.6%,660.9390647212443,1246.522877863637,1907.4619425848814,305.65186979672984
0.6%,503.59896880769566,1306.461786421002,1810.0607552286976,320.34910464053183
0.6%,505.93528657460365,1207.0131908585297,1712.9484774331333,295.96395317470075
0.6%,490.5062670717865,1274.5656234220626,1765.071890493849,312.52805134652755
0.6%,444.8749410319974,1147.9942907270104,1592.8692317590078,281.49230768876953
0.6%,422.2721261499899,1199.880103288165,1622.1522294381548,294.2148945797696
0.6%,496.68805282216476,1236.0663428467356,1732.7543956689003,303.0878899963843
0.6%,537.3370316389047,1200.1164751902688,1737.4535068291734,294.2728538159203
0.6%,579.3553006595021,1141.5418911125416,1720.8971917720437,279.9101562161723
0.6%,459.22219518596467,1226.9517945967004,1686.173989782665,300.85297015299534
0.6%,501.71985530190227,1260.371978084732,1762.0918333866343,309.0477187239752
0.6%,487.4394349954573,1278.559439387715,1765.9988743831723,313.50734931145365
0.6%,479.74072909665415,1298.7434727743002,1778.4842018709544,318.45654651770366
0.6%,473.9068305668568,1269.8448137587764,1743.7516443256332,311.3704919257082
0.6%,476.6753534599425,1246.676847079649,1723.3522005395914,305.6896235994084
0.6%,521.164553303564,1247.063515135455,1768.228068439019,305.78443599021693
0.6%,513.385788389162,1276.697672485793,1790.083460874955,313.0508374055724
0.6%,410.4729854519197,1293.244670253675,1703.7176557055946,317.10822046455286
0.6%,542.4619847461298,1148.4953094531033,1690.9572941992333,281.61515927308693
0.6%,522.807631836456,1195.1075032399679,1717.915135076424,293.0446359712605
0.6%,507.508622280129,1288.2722350373974,1795.7808573175264,315.88896155780645
0.6%,542.2550680836256,1208.6628008906011,1750.9178689742266,296.36844345698285
0.6%,573.7866037164167,1201.4866244915015,1775.2732282079182,294.608819327071
0.6%,485.78987693429997,1231.0239486997966,1716.8138256340967,301.8514769095219
0.6%,643.8950798934077,1234.1924064632885,1878.0874863566962,302.6283940900899
0.6%,648.6841997919632,1294.1146665930066,1942.7988663849699,317.3215466798637
0.6%,635.9745218408596,1246.23272511948,1882.2072469603395,305.58072330567603
0.6%,711.3274780756337,1261.1904406879676,1972.5179187636013,309.2484086828039
0.6%,602.1905035845173,1335.4013552522783,1937.5918588367956,327.4451904657279
0.6%,685.3084485973159,1261.2255804393444,1946.5340290366603,309.257025075574
0.6%,697.1086329500574,1283.5038357697,1980.6124687197573,314.7197329957066
0.6%,613.357761532185,1349.170224815007,1962.527986347192,330.821366548471
0.6%,558.4077609587184,1265.0417621562126,1823.449523114931,310.1927664871107
0.6%,430.85959658539116,1210.5731149620372,1641.4327115474284,296.836859302534
0.6%,462.82635730838547,1229.9604959367853,1692.7868532451707,301.5907144869244
0.6%,459.7682695213084,1226.1425272600216,1685.91079678133,300.6545349064275
0.6%,496.75746034156157,1329.8309214022886,1826.5883817438503,326.0793001543151
0.6%,611.6044150709477,1172.6502326409266,1784.2546477118742,287.53803286671723
0.6%,471.6996846598099,1276.0973440014875,1747.7970286612974,312.9036347132041
0.6%,564.5921415800003,1115.4714275506778,1680.0635691306782,273.51758526889216
0.6%,525.1162349217749,1211.23103157023,1736.347266492005,296.99818280893373
0.6%,536.8307645238141,1237.0609670328593,1773.8917315566732,303.3317754056556
0.6%,445.5226435118254,1254.4788906661681,1700.0015341779936,307.6027126030713
0.6%,503.92176051832826,1279.888124458832,1783.8098849771602,313.8331476450181
0.6%,479.46358545840747,1372.3913208865306,1851.8549063449382,336.515262391887
0.6%,592.1461004458677,1275.9748285661815,1868.1209290120491,312.8735934900984
0.6%,584.7211248390976,1312.777581791957,1897.4987066310546,321.8977602638401
0.6%,564.1998668009438,1399.470556286309,1963.6704230872529,343.1551878032788
0.6%,490.8844096522471,1396.3369209971895,1887.2213306494366,342.3868092180242
0.6%,376.6894681216288,1195.2000705401856,1571.8895386618144,293.06733380448605
0.6%,437.6138308568911,1268.4906713440103,1706.1045022009014,311.03845136039286
0.6%,529.416295506976,1215.4835566991674,1744.8998522061434,298.04091718637653
0.6%,446.98028575539036,1171.2343757816761,1618.2146615370666,287.1908596987958
0.6%,501.8748118527873,1234.69577051552,1736.5705823683074,302.7518207567682
0.6%,438.52269774282775,1189.5389170430788,1628.0616147859064,291.679198710999
0.6%,420.3193594365424,1256.9763361695523,1677.2956956060948,308.2150951765328
0.6%,431.49486735546634,1380.8421149872177,1812.336982342684,338.5874273428978
0.6%,456.9134734243953,1272.9023649600808,1729.8158383844761,312.1202144203965
0.6%,571.1936415949644,1277.0306264709573,1848.2242680659217,313.13247891406695
0.6%,599.5257261211923,1206.1565621183042,1805.6822882394965,295.75390474252094
0.6%,615.8163175143416,1176.8664810342284,1792.68279854857,288.5718720587815
0.6%,546.7093717648272,1235.0697810213405,1781.7791527861677,302.8435294710307
0.6%,567.4083734625207,1304.586397823633,1871.9947712861535,319.88925264618763
0.6%,549.1109668883423,1252.3315806757532,1801.4425475640955,307.0761845101988
0.6%,554.5036968452932,1236.5165375275692,1791.0202343728624,303.1982793429522
0.6%,518.8243547947181,1226.3483852012869,1745.172739996005,300.70501201019965
0.6%,568.7701813517433,1226.5662096048757,1795.336390956619,300.75842333335027
0.6%,515.2321588427127,1161.0004178211673,1676.23257666388,284.6814565890738
0.6%,539.5265416361742,1242.274393556515,1781.8009351926892,304.6101262432545
0.6%,512.741119027769,1284.6752503814557,1797.4163694092247,315.0069680499111
0.6%,549.2452871303118,1197.381817542742,1746.627104673054,293.60230597595364
0.6%,562.7674058456518,1279.24581245958,1842.013218305232,313.675650444565
0.6%,440.0726491968817,1187.6318107506902,1627.7044599475719,291.2115694243479
0.6%,484.5336443836633,1264.0692994568303,1748.6029438404935,309.95431515368375
0.6%,547.7660964449735,1169.9904589697348,1717.7565554147084,286.885846845688
0.6%,411.3277021718426,1211.308136506901,1622.6358386787438,297.0170892152923
0.6%,433.9787868091212,1281.2677559262902,1715.2465427354114,314.17143821725506
0.6%,634.7613294862829,1192.8653907962703,1827.6267202825532,292.4948619776334
0.6%,638.3991806951881,1201.9371492556656,1840.3363299508537,294.71928961125263
0.6%,553.3063823343236,1379.3345492327335,1932.6409315670571,338.21776682572437
0.6%,451.51592213955246,1333.4987807448679,1785.0147028844203,326.97867238896845
0.6%,496.18467201378576,1213.1182310631789,1709.3029030769646,297.4609308771344
0.6%,519.4092259776174,1189.5350589827522,1708.9442849603697,291.6782527008025
0.6%,532.0760563696884,1289.333860809263,1821.4099171789512,316.1492759956379
0.6%,523.3415459542368,1237.6508839779492,1760.992429932186,303.47642515135504
0.6%,521.7427013816452,1261.2020641495064,1782.9447655311517,309.25125879716285
0.6%,592.5625391779648,1213.3853681696392,1805.947907347604,297.52643385147337
0.6%,584.8616831338823,1190.9432427933543,1775.8049259272366,292.0235444097407
0.6%,545.5620310621247,1246.1999175365313,1791.761948598656,305.57267876894923
0.6%,517.1845918356612,1293.9663268614222,1811.1509186970834,317.28517324690944
0.6%,500.8440900960777,1158.0715137066907,1658.9156038027684,283.96327882038383
0.6%,499.38882339722306,1194.2112751425045,1693.6000985397277,292.8248776349967
0.6%,539.4786080407396,1149.9747318605896,1689.4533399013292,281.9779189408777
0.6%,531.5987938298856,1129.0205022234672,1660.6192960533529,276.83986685818087
0.6%,513.2899182618678,1265.5147374022554,1778.8046556641232,310.30874170977836
0.6%,492.57671988143557,1336.0264015063542,1828.6031213877898,327.5984540436858
0.6%,538.2963979324244,1251.4662925148102,1789.7626904472345,306.86401275707505
0.6%,497.9489015179628,1278.952123755733,1776.9010252736957,313.6036369235434
0.6%,520.5458396976672,1275.661756312817,1796.2075960104844,312.7968270533794
0.6%,580.0183866860605,1228.37175407932,1808.3901407653805,301.20114929884636
0.6%,512.3005662264733,1171.8580415097572,1684.1586077362304,287.3437847668402
0.6%,542.0235009014649,1298.5123800864762,1840.5358809879413,318.39988176378364
0.6%,511.88073413814277,1341.5457550605713,1853.426489198714,328.95181928380634
0.6%,513.1180428447159,1286.7894138737352,1799.9074567184512,315.5253685028404
0.6%,600.4397879562946,1303.6399521050382,1904.0797400613328,319.65718076954033
0.6%,539.3869970561946,1375.6474747331326,1915.0344717893272,337.31368296581616
0.6%,609.7060783953182,1207.388529854809,1817.094608250127,296.0559876395772
0.6%,463.5935092975211,1238.9554758576235,1702.5489851551447,303.7963157481706
0.6%,579.2050786593551,1179.3834168183187,1758.5884954776739,289.1890337188097
0.6%,555.3372267654172,1251.0018210020305,1806.3390477674477,306.75012268023045
0.6%,507.50433387126236,1284.504485733935,1792.0088196051975,314.9650959473314
0.6%,415.4591321245216,1315.8803115131293,1731.339443637651,322.65856069325184
0.6%,479.0714081789215,1166.1653040611407,1645.2367122400622,285.9479051754334
0.6%,477.6377822035229,1249.0762302814926,1726.7140124850155,306.2779609456585
0.6%,514.7721809849154,1245.9672290007825,1760.7394099856979,305.51562270740806
0.6%,530.4754546126599,1274.1225240173283,1804.5979786299881,312.4194017870466
0.6%,532.8696479655463,1229.1652995841293,1762.0349475496755,301.39572949598596
0.6%,477.33922342635276,1275.4983569144288,1752.8375803407816,312.7567609362403
0.6%,477.0138173728549,1231.7462158879814,1708.7600332608363,302.0285794083865
0.6%,563.9151511994685,1197.8244752267315,1761.7396264262,293.71084722392754
0.6%,478.99132431987755,1236.6236008993653,1715.6149252192429,303.22453166479676
0.6%,350.57039091243973,1241.9707101076974,1592.5411010201371,304.5356619750042
0.6%,378.3519520338891,1146.0039278674049,1524.355879901294,281.0042635939391
0.6%,396.43666912305434,1208.4667272068623,1604.9033963299166,296.32036548816495
0.6%,514.8981870679348,1222.9058965421914,1737.8040836101263,299.8609014735283
0.6%,517.8382156670223,1213.3943025641568,1731.232518231179,297.528624596977
0.6%,616.6296886833226,1293.803728670169,1910.4334173534917,317.2453035886266
0.6%,497.83501369470196,1283.8221397645202,1781.6571534592222,314.7977822741501
0.6%,546.7817504436666,1228.2882241768964,1775.069974620563,301.18066746789634
0.6%,541.4969082563239,1206.487118296187,1747.9840265525108,295.83495830009053
0.6%,515.0412488548029,1319.254963986804,1834.2962128416068,323.4860375545354
0.6%,484.5476518883768,1281.0001460357892,1765.547797924166,314.1058193145777
0.6%,572.8066154559917,1349.3419816589824,1922.148597114974,330.86348194117153
0.6%,534.9652483001771,1239.516512295623,1774.4817605958,303.93388389019503
0.6%,613.2051335070207,1339.557617238811,1952.7627507458317,328.4643207762169
0.6%,619.7359950340957,1257.5314303319235,1877.2674253660193,308.35120625131134
0.6%,502.67674786465943,1315.7066334683536,1818.383381333013,322.61597421524084
0.6%,489.6228132718081,1248.8101520687712,1738.4329653405794,306.21271761585314
0.6%,590.0615108372582,1345.0189412760567,1935.080452113315,329.80345697114245
0.6%,721.6702929090742,1343.7819439478064,2065.4522368568805,329.500140800194
0.6%,661.6610834986177,1287.3430200874416,1949.0041035860593,315.6611147272823
0.6%,595.9046685993898,1281.1326226792055,1877.0372912785951,314.13830306155387
0.6%,556.4689238794072,1297.9794343751053,1854.4483582545124,318.26920156843914
0.6%,471.261986323495,1290.0545261386771,1761.316512462172,316.32598571300036
0.6%,525.2258222825301,1272.8979799896742,1798.1238022722043,312.11913920996307
0.6%,413.4858948677547,1232.020975305475,1645.5068701732298,302.09595140066403
0.6%,386.797466658109,1177.4755822769532,1564.2730489350622,288.7212258629038
0.6%,358.1798039555846,1174.6018482947904,1532.781652250375,288.0165760080597
0.6%,457.15832198486896,1229.747796893015,1686.906118877884,301.53855992034016
0.6%,481.3562489285066,1212.1813967267087,1693.5376456552153,297.2312157457742
0.6%,439.3265769046068,1189.7417940122648,1629.0683709168716,291.72894486975116
0.6%,385.6983300575944,1365.0184784229318,1750.7168084805262,334.70741503927525
0.6%,353.5649993219481,1339.7985157955222,1693.3635151174703,328.5233899642741
0.6%,344.48105683312633,1312.6368325200758,1657.1178893532021,321.86324803876425
0.6%,346.51991587699,1171.3054694528046,1517.8253853297947,287.2082921213346
0.6%,205.07596355032769,1136.2411433326124,1341.3171068829402,278.61039389409365
0.6%,248.30192005128356,1145.4404025458132,1393.7423225970967,280.8660851687524
0.6%,248.38957837611258,1289.147202564405,1537.5367809405175,316.1035067261227
0.7%,408.1469898130907,1266.6756973146435,1674.8226871277343,310.59341323429027
0.7%,367.3018810675319,1289.4469667144858,1656.7488477820177,316.1770099682992
0.7%,343.88917651731003,1259.1636676218757,1603.0528441391857,308.75143667506484
0.7%,315.00913393852613,1201.6523276880373,1516.6614616265633,294.649450343759
0.7%,292.96255629499973,1161.7359280758235,1454.6984843708233,284.8618063352218
0.7%,428.0964081892555,1220.5191981628782,1648.6156063521337,299.27567449114986
0.7%,431.16325588768495,1180.2304622036106,1611.3937180912956,289.3967322780699
0.7%,297.57682256366684,1289.582833074678,1587.159655638345,316.21032488595756
0.7%,252.74408944192766,1186.919883733688,1439.6639731756156,291.0370023724551
0.7%,326.6189752346643,1199.201800921202,1525.8207761558663,294.0485724123777
0.7%,459.84282318224416,1205.1771792975478,1665.0200024797919,295.5137565705724
0.7%,328.6075422864385,1307.1929753225966,1635.800517609035,320.528394775447
0.7%,320.66852097955325,1279.7684080509418,1600.436929030495,313.8037927534499
0.7%,345.78339866348824,1189.5945253402629,1535.377924003751,291.69283406443884
0.7%,422.24813525575,1260.8104936795944,1683.0586289353444,309.15524431687436
0.7%,398.70180145323235,1292.4557939602525,1691.1575954134848,316.914785174752
0.7%,388.06953865192577,1224.6084544598825,1612.6779931118083,300.27837476681543
0.7%,465.3522797550745,1181.494334367315,1646.8466141223896,289.7066382548318
0.7%,455.1854284217661,1248.175565052798,1703.360993474564,306.0571146089405
0.7%,443.77374588391615,1268.6426918471927,1712.416437731109,311.07572733171304
0.7%,465.1774620318504,1240.4474207346418,1705.6248827664922,304.1621459702968
0.7%,464.07526325587105,1240.3369766904364,1704.4122399463074,304.1350646954813
0.7%,378.91982133922284,1219.686314607227,1598.6061359464497,299.0714484631895
0.7%,429.46282280434866,1194.7608581870388,1624.2236809913875,292.9596373639625
0.7%,419.3525287517414,1285.7114801509656,1705.064008902707,315.2610552970963
0.7%,396.11898849559384,1200.3580216761654,1596.4770101717593,294.3320818785321
0.7%,389.87925625184573,1225.9937279976373,1615.8729842494831,300.6180487948769
0.7%,446.1302529431398,1204.865331142805,1650.9955840859448,295.4372902872153
0.7%,412.44085721019655,1237.3976843647538,1649.8385415749503,303.4143397002339
0.7%,461.23505068575605,1180.2250436259467,1641.4600943117027,289.3954036234387
0.7%,434.08615484843426,1215.4224647773785,1649.5086196258128,298.0259372285628
0.7%,430.25790418725023,1213.050308625956,1643.3082128132062,297.4442760524962
0.7%,476.71634001754705,1092.5822013754673,1569.2985413930144,267.9050651115054
0.7%,446.33139056050254,1162.0277729141726,1608.3591634746751,284.9333677338259
0.7%,510.87824003025594,1247.5629012414606,1758.4411412717166,305.90688725024734
0.7%,549.0602362317472,1232.1112338598864,1781.1714700916336,302.118083121157
0.7%,425.8884717922681,1331.2073870143463,1757.0958588066144,326.41681444748025
0.7%,496.1094449172796,1265.6241398559632,1761.733584773243,310.335567582877
0.7%,480.42387661670284,1234.5504907698792,1714.974367386582,302.71619764331615
0.7%,395.0883202798416,1332.7775803835468,1727.8659006633884,326.8018314798681
0.7%,453.36637135421483,1336.6160601917563,1789.9824315459712,327.7430404631857
0.7%,521.6722961928676,1245.0464218688683,1766.718718061736,305.28983750395145
0.7%,458.2747815008547,1257.7416478281227,1716.0164293289774,308.40275233355203
0.7%,457.4248171013346,1289.8740741539903,1747.2988912553249,316.2817382406855
0.7%,554.6736546958839,1169.7107803510953,1724.3844350469792,286.8172686476882
0.7%,449.4144787166175,1217.5284451883167,1666.942923904934,298.5423311606675
0.7%,482.98821958324106,1090.260783210801,1573.249002794042,267.33584507133537
0.7%,323.82656445491085,1215.7176424198585,1539.5442068747693,298.09831584266476
0.7%,536.4987135984852,1080.2502842586462,1616.7489978571314,264.88123491001346
0.7%,428.92853039537397,1247.616307829903,1676.544838225277,305.91998273682583
0.7%,389.3649715791146,1269.8004697191748,1659.1654412982894,311.35961860853183
0.7%,463.3879976902376,1339.2834397719394,1802.671437462177,328.39709148031415
0.7%,610.5926235821303,1282.6099854074384,1893.2026089895687,314.500557688622
0.7%,595.8724246417155,1247.207600890766,1843.0800255324814,305.81976633296784
0.7%,592.0370011286736,1283.490565611899,1875.5275667405726,314.71647910553224
0.7%,492.1493881632813,1348.3076140439757,1840.4570022072571,330.6098513009335
0.7%,517.5891602314649,1224.227833352793,1741.816993584258,300.1850451094686
0.7%,607.2022099831619,1175.4578899150947,1782.6600998982567,288.226480476334
0.7%,495.23714478037846,1311.4334549178425,1806.670599698221,321.56817554492886
0.7%,536.3252218717754,1235.1740021391272,1771.4992240109027,302.86908486202236
0.7%,667.9461503608662,1213.87532438972,1881.8214747505863,297.6465728697342
0.7%,555.052203817535,1218.0754244974296,1773.1276283149646,298.6764524443916
0.7%,521.0881414310397,1178.5322285231687,1699.6203699542084,288.9803193032287
0.7%,603.171168555478,1258.9659660731081,1862.137134628586,308.7029595479173
0.7%,652.3753559705477,1172.4509695306801,1824.826325501228,287.4891728391077
0.7%,537.7997383085681,1304.9218612246539,1842.721599533222,319.97150947242903
0.7%,662.67452742158,1179.3271812278474,1842.0017086494274,289.1752445508114
0.7%,589.0844403005667,1282.7338712749643,1871.818311575531,314.5309349466115
0.7%,525.8733359833283,1258.8359001734498,1784.709236156778,308.6710669239364
0.7%,657.5870877013533,1177.5873508327445,1835.1744385340978,288.74863191269935
0.7%,542.7968869198771,1278.839775666092,1821.6366625859691,313.57608876997415
0.7%,578.2658036017929,1285.3148536077051,1863.580657209498,315.1638010495318
0.7%,524.4117105048233,1304.2146445849683,1828.6263550897916,319.7980974219083
0.7%,538.178244495977,1242.6169516490027,1780.7951961449796,304.6941227132289
0.7%,587.7384101602357,1242.8901191815003,1830.6285293417359,304.76110436960954
0.7%,555.2488187041921,1250.7126198390472,1805.9614385432392,306.67920952028527
0.7%,417.78141118658164,1261.2686064337572,1679.0500176203388,309.267575203354
0.7%,505.01097803109155,1250.5961779208735,1755.607155951965,306.6506575453119
0.7%,609.8818606981956,1226.8639367123951,1836.7457974105907,300.8314270854022
0.7%,632.2913013160439,1284.9093263223679,1917.2006276384118,315.06436430816257
0.7%,488.7858288564589,1226.0341016468751,1714.819930503334,300.62794855812973
0.7%,477.25556360081237,1275.0620398729186,1752.317603473731,312.6497744364897
0.7%,620.0715744912787,1249.6157384273386,1869.6873129186174,306.41025027341715
0.7%,447.2048410754404,1259.1045479550842,1706.3093890305245,308.7369403212333
0.7%,482.1721528025878,1111.15580257781,1593.3279553803977,272.45937858394205
0.7%,457.36773389211226,1185.4201073582296,1642.787841250342,290.66925183888975
0.7%,446.53007609555846,1218.6190532635699,1665.1491293591284,298.8097521629903
0.7%,571.8520940482458,1173.5002283638917,1745.3523224121375,287.74645485933144
0.7%,544.5638313665778,1346.1110295021333,1890.6748608687112,330.07124091174325
0.7%,566.1231517458184,1311.206827325402,1877.3299790712204,321.5126056483733
0.7%,491.11524842355334,1225.9875476959232,1717.1027961194766,300.6165333627831
0.7%,529.7658420905369,1237.8896000174905,1767.6554421080273,303.53495917839297
0.7%,536.7731687177632,1263.4725641813804,1800.2457328991436,309.80799352898356
0.7%,424.99480991561416,1311.4985880879344,1736.4933980035485,321.58414643128634
0.7%,517.1924417492924,1242.7986840502083,1759.9911257995007,304.7386841482556
0.7%,456.12738839235044,1192.4335991043754,1648.5609874967258,292.3889851098004
0.7%,429.4399196501387,1202.8168355412322,1632.2567551913708,294.93499183605155
0.7%,472.7183992539183,1263.702844419053,1736.4212436729713,309.86445906721946
0.7%,506.2870689854698,1261.3376692893626,1767.6247382748325,309.28450966266007
0.7%,519.41091318628,1233.646929226696,1753.0578424129762,302.49464111992233
0.7%,566.7336704714853,1239.3877098599662,1806.1213803314515,303.902301072108
0.7%,484.8495011960688,1179.1137946846263,1663.9632958806951,289.1229214069018
0.7%,476.51859708748657,1214.4897440356492,1691.0083411231358,297.7972307653518
0.7%,481.96184687567415,1174.944008054628,1656.9058549303022,288.100474805443
0.7%,491.618894447947,1304.7017221053486,1796.3206165532956,319.9175305727025
0.7%,512.5861942594183,1256.3367774925468,1768.9229717519652,308.05827310054616
0.7%,466.3259416778899,1159.7610597865578,1626.0870014644477,284.3775615644793
0.7%,547.6272472912252,1212.007812129825,1759.6350594210503,297.1886521815207
0.7%,424.3961861843097,1313.77414824994,1738.1703344342498,322.1421219251209
0.7%,408.22377249371834,1222.8687313667547,1631.092503860473,299.8517884395317
0.7%,548.2698478691939,1118.4389936501618,1666.7088415193557,274.2452430946412
0.7%,551.9657701296932,1148.5883739807928,1700.554144110486,281.6379790282677
0.7%,525.189049830452,1243.1152002299893,1768.3042500604413,304.81629504805454
0.7%,432.1273916070054,1242.0961861503115,1674.223577757317,304.5664291496151
0.7%,468.7049695252026,1171.3049763444199,1640.0099458696225,287.20817120939427
0.7%,420.0454155849159,1223.8167372172304,1643.8621528021463,300.08424286609846
0.7%,464.3216586123166,1298.480481657576,1762.8021402698928,318.3920601548826
0.7%,441.2023928817098,1199.9201106998642,1641.122503581574,294.22470454026745
0.7%,478.49336333600104,1208.7450572037594,1687.2384205397605,296.388612999288
0.7%,517.1623485259604,1201.0714567865014,1718.2338053124618,294.5070187203064
0.7%,549.267899949198,1216.3725303896229,1765.6404303388208,298.2588967160852
0.7%,556.790708702441,1148.6410201804267,1705.4317288828677,281.6508880647897
0.7%,482.17398317170273,1206.0007374567474,1688.1747206284501,295.7156959779559
0.7%,562.1914161324867,1177.5614326154785,1739.7528487479651,288.74227667308855
0.7%,581.6135898323429,1301.8985759203931,1883.512165752736,319.2301890983016
0.7%,532.0792603833117,1236.1910612554902,1768.270321638802,303.11847139646204
0.7%,503.5048517022625,1104.459956638933,1607.9648083411953,270.81753320153217
0.7%,561.1847184768221,1191.9950879227736,1753.1798063995957,292.28146059904844
0.7%,474.2132757215303,1202.5325350063536,1676.745810727884,294.86528032765244
0.7%,551.6057040960054,1190.352563745392,1741.9582678413974,291.87870779369
0.7%,556.4514023596622,1248.6181828978406,1805.0695852575027,306.165646088262
0.7%,580.6838406723391,1282.061509459387,1862.7453501317261,314.3660694236752
0.7%,550.5432458327087,1219.7032450423544,1770.246490875063,299.07559986646106
0.7%,525.1309954339428,1236.6756560413319,1761.8066514752745,303.2372957718638
0.7%,566.4492458149043,1251.238614152649,1817.6878599675533,306.80818520802427
0.7%,498.8746511279467,1143.6032537284957,1642.4779048564424,280.41560970530145
0.7%,503.53159879234306,1254.0653802486615,1757.5969790410045,307.50131836913
0.7%,509.77752050360584,1196.7756767037092,1706.553197207315,293.4536780734092
0.7%,478.19849583937616,1195.7372295926116,1673.9357254319877,293.19904712613294
0.7%,533.3521165587633,1212.0141124898305,1745.3662290485938,297.19019705233717
0.7%,523.0390046106106,1311.3145806393586,1834.3535852499692,321.5390271465043
0.7%,545.0482898736054,1150.9700449331076,1696.018334806713,282.2219732675577
0.7%,490.0221288012508,1373.6612719181703,1863.6834007194211,336.82665892881715
0.7%,468.1911345511468,1173.164019133314,1641.3551536844607,287.664015153014
0.7%,560.068016415554,1238.3419080607853,1798.4099244763393,303.6458667289981
0.7%,529.5830821122036,1264.9869352620312,1794.5700173742348,310.179322736483
0.7%,495.37850029724007,1347.0898536241582,1842.4683539213984,330.3112520887637
0.7%,638.9113311196786,1187.4232518102776,1826.3345829299562,291.16043002592045
0.7%,545.5718656443166,1280.9408313238782,1826.5126969681949,314.091275134985
0.7%,531.5626714727932,1245.8658387848652,1777.4285102576584,305.49076146368395
0.7%,492.88697580112876,1182.4034605473987,1675.2904363485275,289.9295592471043
0.7%,435.88543861037465,1239.0953540947191,1674.9807927050938,303.8306143924004
0.7%,496.2090186513901,1226.423310237969,1722.632328889359,300.72338389728105
0.7%,468.8094490008083,1154.2469353303181,1623.0563843311265,283.0254785178929
0.7%,446.34276110319274,1174.9202605678886,1621.2630216710813,288.0946518367243
0.7%,482.17852481304544,1254.9129393729281,1737.0914641859736,307.709142899025
0.7%,487.6362417992136,1234.5284493483414,1722.164691147555,302.7107930078894
0.7%,566.1169013324954,1213.8262866940577,1779.9431880265531,297.63454865129756
0.7%,484.31288690001134,1264.9870883149047,1749.299975214916,310.1793602655952
0.7%,458.66730582694254,1267.147423898038,1725.8147297249805,310.7090822804087
0.7%,472.28640386927736,1276.032355515674,1748.3187593849514,312.8876993039493
0.7%,538.7961928012924,1310.7853705120133,1849.5815633133057,321.409262929729
0.7%,638.9896204218783,1286.1511375188668,1925.140757940745,315.36886085683
0.7%,542.1755269434065,1328.422027372926,1870.5975543163327,325.7338342971957
0.7%,456.68919185932873,1193.4289132349056,1650.1181050942344,292.63303969590874
0.7%,567.3668591304752,1277.453596386581,1844.8204555170562,313.2361926507933
0.7%,571.4512946899911,1175.1722862192878,1746.6235809092789,288.1564494282125
0.7%,628.8748671590552,1164.0745004512646,1792.9493676103198,285.43523264925267
0.7%,618.3586198711362,1229.825281367784,1848.1839012389203,301.5575593907983
0.7%,545.2885083596733,1297.8108743424748,1843.099382702148,318.2278700453187
0.7%,570.9883182153553,1142.770854213233,1713.7591724285883,280.2115023657763
0.7%,477.3048876812969,1199.3224759363072,1676.6273636176043,294.07816235786504
0.7%,435.87960462834326,1222.2936832191863,1658.1732878475295,299.7107845761861
0.7%,561.4725500720878,1217.2212091144895,1778.6937591865772,298.46699577605335
0.7%,520.3114468637264,1246.6628768550347,1766.974323718761,305.68619805034655
0.7%,463.90705237163,1337.2121049226353,1801.1191572942653,327.8891927638863
0.7%,597.7197566533332,1315.6063570164465,1913.3261136697797,322.5913860704372
0.7%,425.9932968013113,1193.2035758793506,1619.196872680662,292.57778617005414
0.7%,499.052858814214,1251.9028639706712,1750.9557227848852,306.97106164013485
0.7%,515.4695647834354,1229.116234163957,1744.5857989473925,301.38369847940027
0.7%,547.2605197124992,1291.3135114851984,1838.5740311976976,316.6346934247035
0.7%,527.5341320558848,1211.8239627260218,1739.3580947819066,297.14357164988235
0.7%,515.7992168147448,1241.8222303843977,1757.6214471991425,304.49925421558044
0.7%,602.388365782543,1136.0820684556625,1738.4704342382056,278.57138816508467
0.7%,654.9763669179849,1195.1463934530648,1850.1227603710497,293.0541719906637
0.7%,537.4082417699599,1291.6344078509642,1829.042649620924,316.71337836177855
0.7%,504.3052609155566,1236.1630357711406,1740.4682966866972,303.1115994474224
0.7%,453.38127330002044,1254.0085941525203,1707.3898674525408,307.48739421517155
0.7%,383.4148139606152,1189.1472519079016,1572.5620658685168,291.5831610184488
0.7%,409.68703367624835,1137.4715526175044,1547.1585862937527,278.9120946532381
0.7%,443.0222438410019,1228.3834684742933,1671.4057123152952,301.2040217104087
0.7%,530.7599069822041,1260.6854997182993,1791.4454067005036,309.1245953503278
0.7%,652.3764890734946,1244.9463365846846,1897.3228256581792,305.2652962341576
0.7%,590.0723153657409,1318.872278535736,1908.944593901477,323.39220171265873
0.7%,641.7004016333418,1299.8321220170972,1941.532523650439,318.72348720729934
0.7%,576.4382670207244,1346.9053012745405,1923.343568295265,330.2659991922965
0.7%,533.4352844481175,1186.8911823724225,1720.32646682054,291.02996469597736
0.7%,455.0870557618682,1246.7057949091175,1701.7928506709857,305.6967217107714
0.7%,381.1970980880476,1227.539517623678,1608.7366157117256,300.99708194212366
0.7%,405.00837380465447,1279.4998774461508,1684.5082512508052,313.7379480883342
0.7%,389.7769349278624,1231.7398902360317,1621.516825163894,302.0270283358948
0.7%,379.5158450359751,1258.2059983221131,1637.7218433580883,308.5166127361565
0.7%,445.9245765708322,1223.2661451391766,1669.1907217100088,299.94923571850336
0.7%,355.4965594561161,1199.5502989672455,1555.0468584233615,294.13402538021757
0.7%,328.3185635319041,1144.286563863336,1472.60512739524,280.5831597952949
0.7%,412.96485298687594,1148.597728545619,1561.562581532495,281.64027280103437
0.7%,396.53474236809853,1216.2838713242554,1612.818613692354,298.2371571960289
0.7%,360.91575092103665,1224.5860670451061,1585.5018179661429,300.2728852926086
0.7%,287.23450295862267,1289.1925582129961,1576.4270611716188,316.1146280934429
0.7%,330.06208314201285,1322.7301234208308,1652.7922065628436,324.33815908211824
0.7%,357.29374269594314,1239.3794167325423,1596.6731594284854,303.90026756759033
0.7%,378.0057465158609,1193.3692917063752,1571.375038222236,292.6184202837832
0.7%,364.56447671204864,1223.6619540796528,1588.2264307917014,300.0462894869397
0.7%,373.09882203751863,1243.0957209269948,1616.1945429645134,304.811518653262
0.7%,344.2743088242753,1218.176963466721,1562.4512722909963,298.7013501629753
0.7%,368.92684675745295,1251.726723306867,1620.6535700643199,306.92787131912655
0.7%,406.2687152438893,1255.6046770289388,1661.8733922728281,307.8787594473637
0.7%,341.7169552512037,1244.4183142553463,1586.13526950655,305.1358232697036
0.7%,489.5407477717082,1248.96514601972,1738.5058937914282,306.2507226872047
0.7%,449.3349594845396,1226.7492395818474,1676.084199066387,300.80330293859765
0.7%,469.63615185522167,1277.0985639931994,1746.734715848421,313.1491374376058
0.7%,383.0130260474922,1275.434521847108,1658.4475478946001,312.741108349327
0.7%,338.09812798152007,1400.4119125739,1738.5100405554201,343.38601173323366
0.7%,353.0345327210871,1310.6366173219049,1663.671150042992,321.3727881152653
0.7%,413.64726047404406,1162.782306076331,1576.429566550375,285.11838196495864
0.7%,445.1450774165603,1206.174079980315,1651.3191573968752,295.7582001849661
0.7%,601.8265597566951,1290.7255050176782,1892.5520647743733,316.49051213494
0.7%,505.37161466532234,1224.1847020200858,1729.556316685408,300.17446915236195
0.7%,383.98138700939705,1257.5933884383896,1641.5747754477866,308.3663986007072
0.7%,472.1991285211777,1133.0131339590814,1605.2122624802591,277.81887444566433
0.7%,361.59148305676945,1160.259958480712,1521.8514415374814,284.49989330937973
0.7%,379.779012227302,1279.9229029013245,1659.7019151286265,313.8416754435569
0.7%,467.9224738007574,1081.2355527407651,1549.1580265415225,265.1228262671874
0.7%,484.4169380718113,1145.3571622483028,1629.774100320114,280.84567434996336
0.7%,375.3190486093132,1336.974946481184,1712.293995090497,327.8310406654732
0.7%,396.54361842116214,1283.610878398955,1680.1544968201172,314.74598023140584
0.7%,373.4450920273746,1214.0478830830211,1587.4929751103957,297.68888487875853
0.7%,426.74295041716823,1202.9147966007708,1629.657747017939,294.9590122383619
0.7%,505.8359474858885,1192.5361099867525,1698.372057472641,292.41412114495023
0.7%,417.57559188513096,1228.4555651981202,1646.0311570832512,301.2217000850581
0.7%,358.7594006386885,1215.7003055862886,1574.459706224977,298.09406478904106
0.7%,354.0546731191796,1235.5919490649112,1589.6466221840908,302.97156694366737
0.7%,465.81189301442146,1187.6058727717102,1653.4177657861317,291.2052093390941
0.7%,418.2790036118479,1182.7256757552789,1601.0046793671268,290.00856756898463
0.7%,345.5731727819725,1244.2282958172511,1589.8014685992237,305.0892300687837
0.7%,394.4720137366844,1341.1612754054727,1735.633289142157,328.8575434966815
0.7%,433.2170046299043,1277.7207297677035,1710.9377343976078,313.30169471166613
0.7%,386.4726305332322,1339.7157807162619,1726.188411249494,328.50310302680765
0.7%,389.5403039908265,1268.2578054964845,1657.798109487311,310.98135182136957
0.7%,348.9964066377132,1238.837873029437,1587.8342796671504,303.7674791139083
0.8%,414.1112174367181,1359.6815971282535,1773.7928145649716,333.39879265009193
0.8%,550.3388952446023,1252.8266415757732,1803.1655368203756,307.1975752142456
0.8%,512.1139236572698,1312.667692358396,1824.7816160156658,321.87081498153896
0.8%,519.9026861182275,1228.0212369635105,1747.923923081738,301.1152012478755
0.8%,571.0296265575341,1130.255610192306,1701.2852367498401,277.1427197514414
0.8%,439.2850594062702,1205.8696848533523,1645.1547442596225,295.6835614106881
0.8%,439.9521342948658,1265.172199650339,1705.1243339452049,310.22475022738485
0.8%,361.9561664938686,1227.305799689511,1589.2619661833796,300.9397734684071
0.8%,442.58018585475156,1198.894365471315,1641.4745513260666,293.97318814004024
0.8%,413.62090307114033,1297.9100725083806,1711.530975579521,318.2521937905367
0.8%,448.40996812663957,1277.4689267880392,1725.8788949146788,313.23995172008404
